
> vigilia-web@0.0.0 test:e2e
> playwright test


Running 112 tests using 1 worker

(node:25516) Warning: The 'NO_COLOR' env is ignored due to the 'FORCE_COLOR' env being set.
(Use `node --trace-warnings ...` to show where the warning was created)
  ok   1 [desktop-chromium] › tests\e2e\display-fabric.spec.ts:176:3 › the scene reaches the canvas › builds identified canvas objects (6.8s)
  ok   2 [desktop-chromium] › tests\e2e\display-fabric.spec.ts:186:3 › the scene reaches the canvas › paints something, which is the whole point (6.6s)
  ok   3 [desktop-chromium] › tests\e2e\display-fabric.spec.ts:203:3 › the scene reaches the canvas › carries the artboard transform in the canvas, not in CSS (6.7s)
  -    4 [desktop-chromium] › tests\e2e\display-fabric.spec.ts:226:3 › the scene reaches the canvas › letterboxes a 16:9 design on a taller phone (§53)
  ok   5 [desktop-chromium] › tests\e2e\display-fabric.spec.ts:258:3 › the scene reaches the canvas › refits after the viewport changes (6.8s)
  ok   6 [desktop-chromium] › tests\e2e\display-fabric.spec.ts:275:3 › the scene reaches the canvas › cover mode fills and crops the viewport (§53) (3.9s)
  ok   7 [desktop-chromium] › tests\e2e\display-fabric.spec.ts:289:3 › charts draw through a Fabric object › every family in the stress fixture puts ink on the canvas (6.6s)
  ok   8 [desktop-chromium] › tests\e2e\display-fabric.spec.ts:322:3 › charts draw through a Fabric object › keeps repainting as samples arrive (23.3s)
  ok   9 [desktop-chromium] › tests\e2e\display-fabric.spec.ts:359:3 › charts draw through a Fabric object › updates live objects without recreating them (19.2s)
  x   10 [desktop-chromium] › tests\e2e\display-fabric.spec.ts:367:3 › device pixels reach the charts › sizes each chart’s detached canvas from the device and the artboard scale (136ms)
(node:11612) Warning: The 'NO_COLOR' env is ignored due to the 'FORCE_COLOR' env being set.
(Use `node --trace-warnings ...` to show where the warning was created)
  x   11 [desktop-chromium] › tests\e2e\display-fabric.spec.ts:426:3 › image assets › draws each fit mode, and every icon, in its own box (168ms)
(node:23648) Warning: The 'NO_COLOR' env is ignored due to the 'FORCE_COLOR' env being set.
(Use `node --trace-warnings ...` to show where the warning was created)
  x   12 [desktop-chromium] › tests\e2e\display-fabric.spec.ts:458:3 › image assets › applies contain, cover and stretch geometry (176ms)
(node:5560) Warning: The 'NO_COLOR' env is ignored due to the 'FORCE_COLOR' env being set.
(Use `node --trace-warnings ...` to show where the warning was created)
  x   13 [desktop-chromium] › tests\e2e\display-fabric.spec.ts:475:3 › image assets › recolours bitmap and SVG artwork from source alpha (§132) (190ms)
(node:11412) Warning: The 'NO_COLOR' env is ignored due to the 'FORCE_COLOR' env being set.
(Use `node --trace-warnings ...` to show where the warning was created)
  x   14 [desktop-chromium] › tests\e2e\display-fabric.spec.ts:488:3 › image assets › draws a vector icon the shape the asset actually is (170ms)
(node:21832) Warning: The 'NO_COLOR' env is ignored due to the 'FORCE_COLOR' env being set.
(Use `node --trace-warnings ...` to show where the warning was created)
  x   15 [desktop-chromium] › tests\e2e\display-fabric.spec.ts:561:3 › image assets › draws nothing at all for an asset the server does not have (166ms)
(node:26700) Warning: The 'NO_COLOR' env is ignored due to the 'FORCE_COLOR' env being set.
(Use `node --trace-warnings ...` to show where the warning was created)
  x   16 [desktop-chromium] › tests\e2e\display-fabric.spec.ts:574:3 › what it cannot draw, it says › warns about tabular numerals rather than silently approximating them (§85) (168ms)
(node:29012) Warning: The 'NO_COLOR' env is ignored due to the 'FORCE_COLOR' env being set.
(Use `node --trace-warnings ...` to show where the warning was created)
  x   17 [desktop-chromium] › tests\e2e\display-fabric.spec.ts:595:5 › every fixture renders › stress: mounts, paints and reports no page error (167ms)
(node:15580) Warning: The 'NO_COLOR' env is ignored due to the 'FORCE_COLOR' env being set.
(Use `node --trace-warnings ...` to show where the warning was created)
  x   18 [desktop-chromium] › tests\e2e\display-fabric.spec.ts:595:5 › every fixture renders › portrait-cover: mounts, paints and reports no page error (171ms)
(node:28632) Warning: The 'NO_COLOR' env is ignored due to the 'FORCE_COLOR' env being set.
(Use `node --trace-warnings ...` to show where the warning was created)
  x   19 [desktop-chromium] › tests\e2e\display-fabric.spec.ts:595:5 › every fixture renders › assets: mounts, paints and reports no page error (172ms)
(node:2724) Warning: The 'NO_COLOR' env is ignored due to the 'FORCE_COLOR' env being set.
(Use `node --trace-warnings ...` to show where the warning was created)
  x   20 [desktop-chromium] › tests\e2e\display-fabric.spec.ts:625:3 › every fixture renders › unknown hosted themes show a clear load failure (169ms)
(node:11972) Warning: The 'NO_COLOR' env is ignored due to the 'FORCE_COLOR' env being set.
(Use `node --trace-warnings ...` to show where the warning was created)
  x   21 [desktop-chromium] › tests\e2e\display-fabric.spec.ts:633:3 › every fixture renders › keeps invisible nodes in the scene without painting them (170ms)
(node:23036) Warning: The 'NO_COLOR' env is ignored due to the 'FORCE_COLOR' env being set.
(Use `node --trace-warnings ...` to show where the warning was created)
  x   22 [desktop-chromium] › tests\e2e\display-fabric.spec.ts:642:5 › every fixture renders › captures stress for visual review (169ms)
(node:13052) Warning: The 'NO_COLOR' env is ignored due to the 'FORCE_COLOR' env being set.
(Use `node --trace-warnings ...` to show where the warning was created)
  x   23 [desktop-chromium] › tests\e2e\display-fabric.spec.ts:642:5 › every fixture renders › captures portrait-cover for visual review (165ms)
(node:24208) Warning: The 'NO_COLOR' env is ignored due to the 'FORCE_COLOR' env being set.
(Use `node --trace-warnings ...` to show where the warning was created)
  x   24 [desktop-chromium] › tests\e2e\display-fabric.spec.ts:642:5 › every fixture renders › captures assets for visual review (182ms)
(node:22852) Warning: The 'NO_COLOR' env is ignored due to the 'FORCE_COLOR' env being set.
(Use `node --trace-warnings ...` to show where the warning was created)
  x   25 [desktop-chromium] › tests\e2e\display-fabric.spec.ts:671:3 › every fixture renders › is byte-stable at a fixed clock on one platform (111ms)
(node:3880) Warning: The 'NO_COLOR' env is ignored due to the 'FORCE_COLOR' env being set.
(Use `node --trace-warnings ...` to show where the warning was created)
  x   26 [desktop-chromium] › tests\e2e\editor-fork.spec.ts:8:3 › Fabric editor route › mounts the adopted editor shell on the editor stage (167ms)
(node:22768) Warning: The 'NO_COLOR' env is ignored due to the 'FORCE_COLOR' env being set.
(Use `node --trace-warnings ...` to show where the warning was created)
  x   27 [desktop-chromium] › tests\e2e\editor-fork.spec.ts:24:3 › Fabric editor route › switches chart refresh between 30 and 1 FPS (154ms)
(node:10976) Warning: The 'NO_COLOR' env is ignored due to the 'FORCE_COLOR' env being set.
(Use `node --trace-warnings ...` to show where the warning was created)
  x   28 [desktop-chromium] › tests\e2e\editor-fork.spec.ts:39:3 › Fabric editor route › creates and saves text with derived v2 references (157ms)
(node:28924) Warning: The 'NO_COLOR' env is ignored due to the 'FORCE_COLOR' env being set.
(Use `node --trace-warnings ...` to show where the warning was created)
  x   29 [desktop-chromium] › tests\e2e\editor-fork.spec.ts:83:3 › Fabric editor route › creates a chart with palette-backed settings that save and reopen (157ms)
(node:16104) Warning: The 'NO_COLOR' env is ignored due to the 'FORCE_COLOR' env being set.
(Use `node --trace-warnings ...` to show where the warning was created)
  x   30 [desktop-chromium] › tests\e2e\editor-fork.spec.ts:126:3 › Fabric editor route › captures the mounted editor for visual review (157ms)
(node:19520) Warning: The 'NO_COLOR' env is ignored due to the 'FORCE_COLOR' env being set.
(Use `node --trace-warnings ...` to show where the warning was created)
  x   31 [desktop-chromium] › tests\e2e\editor-fork.spec.ts:142:3 › Fabric editor route › captures selected chart binding controls for visual review (156ms)
(node:23672) Warning: The 'NO_COLOR' env is ignored due to the 'FORCE_COLOR' env being set.
(Use `node --trace-warnings ...` to show where the warning was created)
  x   32 [desktop-chromium] › tests\e2e\editor-fork.spec.ts:168:3 › Fabric editor route › captures semantic layer controls for visual review (152ms)
(node:8880) Warning: The 'NO_COLOR' env is ignored due to the 'FORCE_COLOR' env being set.
(Use `node --trace-warnings ...` to show where the warning was created)
  x   33 [desktop-chromium] › tests\e2e\editor-fork.spec.ts:191:3 › Fabric editor route › captures changed artboard controls for visual review (155ms)
(node:28840) Warning: The 'NO_COLOR' env is ignored due to the 'FORCE_COLOR' env being set.
(Use `node --trace-warnings ...` to show where the warning was created)
  x   34 [desktop-chromium] › tests\e2e\editor-fork.spec.ts:218:3 › Fabric editor route › rejects literal artboard paint in a v2 document (158ms)
(node:9548) Warning: The 'NO_COLOR' env is ignored due to the 'FORCE_COLOR' env being set.
(Use `node --trace-warnings ...` to show where the warning was created)
  x   35 [desktop-chromium] › tests\e2e\editor-fork.spec.ts:245:3 › Fabric editor route › renders palette gradients on the native Fabric artboard (169ms)
(node:6288) Warning: The 'NO_COLOR' env is ignored due to the 'FORCE_COLOR' env being set.
(Use `node --trace-warnings ...` to show where the warning was created)
  x   36 [desktop-chromium] › tests\e2e\editor-fork.spec.ts:306:3 › Fabric editor route › edits an artboard palette token through the fork property surface (194ms)
(node:5180) Warning: The 'NO_COLOR' env is ignored due to the 'FORCE_COLOR' env being set.
(Use `node --trace-warnings ...` to show where the warning was created)
  x   37 [desktop-chromium] › tests\e2e\editor-fork.spec.ts:334:3 › Fabric editor route › reassigns palette references before deleting a token (156ms)
(node:13228) Warning: The 'NO_COLOR' env is ignored due to the 'FORCE_COLOR' env being set.
(Use `node --trace-warnings ...` to show where the warning was created)
  x   38 [desktop-chromium] › tests\e2e\editor-fork.spec.ts:367:3 › Fabric editor route › reassigns chart paint before deleting its palette token (154ms)
(node:4368) Warning: The 'NO_COLOR' env is ignored due to the 'FORCE_COLOR' env being set.
(Use `node --trace-warnings ...` to show where the warning was created)
  x   39 [desktop-chromium] › tests\e2e\editor-fork.spec.ts:400:3 › Fabric editor route › edits a global type preset through the fork property surface (155ms)
(node:25348) Warning: The 'NO_COLOR' env is ignored due to the 'FORCE_COLOR' env being set.
(Use `node --trace-warnings ...` to show where the warning was created)
  x   40 [desktop-chromium] › tests\e2e\editor-fork.spec.ts:459:3 › Fabric editor route › captures curated font trio controls for visual review (156ms)
(node:25396) Warning: The 'NO_COLOR' env is ignored due to the 'FORCE_COLOR' env being set.
(Use `node --trace-warnings ...` to show where the warning was created)
  x   41 [desktop-chromium] › tests\e2e\editor-fork.spec.ts:478:3 › Fabric editor route › reassigns text type presets before deleting one (157ms)
(node:16324) Warning: The 'NO_COLOR' env is ignored due to the 'FORCE_COLOR' env being set.
(Use `node --trace-warnings ...` to show where the warning was created)
  x   42 [desktop-chromium] › tests\e2e\editor-fork.spec.ts:514:3 › Fabric editor route › captures dirty document replacement confirmation for visual review (157ms)
(node:9012) Warning: The 'NO_COLOR' env is ignored due to the 'FORCE_COLOR' env being set.
(Use `node --trace-warnings ...` to show where the warning was created)
  x   43 [desktop-chromium] › tests\e2e\editor-fork.spec.ts:545:3 › Fabric editor route › selects a chart in the starter theme through the visible Fabric canvas (153ms)
(node:23172) Warning: The 'NO_COLOR' env is ignored due to the 'FORCE_COLOR' env being set.
(Use `node --trace-warnings ...` to show where the warning was created)
  x   44 [desktop-chromium] › tests\e2e\editor-fork.spec.ts:560:3 › Fabric editor route › persists artboard properties without rescaling Fabric objects (154ms)
(node:26060) Warning: The 'NO_COLOR' env is ignored due to the 'FORCE_COLOR' env being set.
(Use `node --trace-warnings ...` to show where the warning was created)
  x   45 [desktop-chromium] › tests\e2e\editor-fork.spec.ts:592:3 › Fabric editor route › persists a selected chart binding (155ms)
(node:28444) Warning: The 'NO_COLOR' env is ignored due to the 'FORCE_COLOR' env being set.
(Use `node --trace-warnings ...` to show where the warning was created)
  x   46 [desktop-chromium] › tests\e2e\editor-fork.spec.ts:619:3 › Fabric editor route › persists selected chart paint as a palette reference (155ms)
(node:17748) Warning: The 'NO_COLOR' env is ignored due to the 'FORCE_COLOR' env being set.
(Use `node --trace-warnings ...` to show where the warning was created)
  x   47 [desktop-chromium] › tests\e2e\editor-fork.spec.ts:647:3 › Fabric editor route › refreshes bound text without saving its sampled value (153ms)
(node:26620) Warning: The 'NO_COLOR' env is ignored due to the 'FORCE_COLOR' env being set.
(Use `node --trace-warnings ...` to show where the warning was created)
  x   48 [desktop-chromium] › tests\e2e\editor-fork.spec.ts:853:3 › Fabric editor route › opens a v2 theme and keeps the active editor when its Fabric runtime is incompatible (155ms)
(node:14148) Warning: The 'NO_COLOR' env is ignored due to the 'FORCE_COLOR' env being set.
(Use `node --trace-warnings ...` to show where the warning was created)
  x   49 [desktop-chromium] › tests\e2e\editor-fork.spec.ts:891:3 › Fabric editor route › round-trips an opened v2 Fabric scene through the fork save path (154ms)
(node:14024) Warning: The 'NO_COLOR' env is ignored due to the 'FORCE_COLOR' env being set.
(Use `node --trace-warnings ...` to show where the warning was created)
  x   50 [desktop-chromium] › tests\e2e\editor-fork.spec.ts:944:3 › Fabric editor route › imports and round-trips packaged images (156ms)
(node:19380) Warning: The 'NO_COLOR' env is ignored due to the 'FORCE_COLOR' env being set.
(Use `node --trace-warnings ...` to show where the warning was created)
  x   51 [desktop-chromium] › tests\e2e\editor-fork.spec.ts:1075:3 › Fabric editor route › authors a packaged background image through Theme settings (162ms)
(node:18984) Warning: The 'NO_COLOR' env is ignored due to the 'FORCE_COLOR' env being set.
(Use `node --trace-warnings ...` to show where the warning was created)
  x   52 [desktop-chromium] › tests\e2e\editor-fork.spec.ts:1113:3 › Fabric editor route › persists an ordinary fork drag and restores it through undo (166ms)
(node:28572) Warning: The 'NO_COLOR' env is ignored due to the 'FORCE_COLOR' env being set.
(Use `node --trace-warnings ...` to show where the warning was created)
  x   53 [desktop-chromium] › tests\e2e\editor-fork.spec.ts:1207:3 › Fabric editor route › rehydrates a chart runtime after undo (155ms)
(node:27928) Warning: The 'NO_COLOR' env is ignored due to the 'FORCE_COLOR' env being set.
(Use `node --trace-warnings ...` to show where the warning was created)
  x   54 [desktop-chromium] › tests\e2e\editor-fork.spec.ts:1264:3 › Fabric editor route › keeps the active document when Fabric cannot revive a schema-valid scene (159ms)
(node:5856) Warning: The 'NO_COLOR' env is ignored due to the 'FORCE_COLOR' env being set.
(Use `node --trace-warnings ...` to show where the warning was created)
  x   55 [desktop-chromium] › tests\e2e\editor-fork.spec.ts:1287:3 › Fabric editor route › asks before Open discards a changed Fabric scene (154ms)
(node:20328) Warning: The 'NO_COLOR' env is ignored due to the 'FORCE_COLOR' env being set.
(Use `node --trace-warnings ...` to show where the warning was created)
  x   56 [desktop-chromium] › tests\e2e\editor-fork.spec.ts:1326:3 › Fabric editor route › asks before New discards a changed Fabric scene (155ms)
(node:28576) Warning: The 'NO_COLOR' env is ignored due to the 'FORCE_COLOR' env being set.
(Use `node --trace-warnings ...` to show where the warning was created)
  x   57 [phone-chromium] › tests\e2e\display-fabric.spec.ts:176:3 › the scene reaches the canvas › builds identified canvas objects (173ms)
(node:23720) Warning: The 'NO_COLOR' env is ignored due to the 'FORCE_COLOR' env being set.
(Use `node --trace-warnings ...` to show where the warning was created)
  x   58 [phone-chromium] › tests\e2e\display-fabric.spec.ts:186:3 › the scene reaches the canvas › paints something, which is the whole point (183ms)
(node:19912) Warning: The 'NO_COLOR' env is ignored due to the 'FORCE_COLOR' env being set.
(Use `node --trace-warnings ...` to show where the warning was created)
  x   59 [phone-chromium] › tests\e2e\display-fabric.spec.ts:203:3 › the scene reaches the canvas › carries the artboard transform in the canvas, not in CSS (166ms)
(node:19344) Warning: The 'NO_COLOR' env is ignored due to the 'FORCE_COLOR' env being set.
(Use `node --trace-warnings ...` to show where the warning was created)
  x   60 [phone-chromium] › tests\e2e\display-fabric.spec.ts:226:3 › the scene reaches the canvas › letterboxes a 16:9 design on a taller phone (§53) (168ms)
(node:17860) Warning: The 'NO_COLOR' env is ignored due to the 'FORCE_COLOR' env being set.
(Use `node --trace-warnings ...` to show where the warning was created)
  -   61 [phone-chromium] › tests\e2e\display-fabric.spec.ts:258:3 › the scene reaches the canvas › refits after the viewport changes
  x   62 [phone-chromium] › tests\e2e\display-fabric.spec.ts:275:3 › the scene reaches the canvas › cover mode fills and crops the viewport (§53) (149ms)
(node:27532) Warning: The 'NO_COLOR' env is ignored due to the 'FORCE_COLOR' env being set.
(Use `node --trace-warnings ...` to show where the warning was created)
  x   63 [phone-chromium] › tests\e2e\display-fabric.spec.ts:289:3 › charts draw through a Fabric object › every family in the stress fixture puts ink on the canvas (169ms)
(node:9552) Warning: The 'NO_COLOR' env is ignored due to the 'FORCE_COLOR' env being set.
(Use `node --trace-warnings ...` to show where the warning was created)
  x   64 [phone-chromium] › tests\e2e\display-fabric.spec.ts:322:3 › charts draw through a Fabric object › keeps repainting as samples arrive (168ms)
(node:8968) Warning: The 'NO_COLOR' env is ignored due to the 'FORCE_COLOR' env being set.
(Use `node --trace-warnings ...` to show where the warning was created)
  x   65 [phone-chromium] › tests\e2e\display-fabric.spec.ts:359:3 › charts draw through a Fabric object › updates live objects without recreating them (168ms)
(node:23396) Warning: The 'NO_COLOR' env is ignored due to the 'FORCE_COLOR' env being set.
(Use `node --trace-warnings ...` to show where the warning was created)
  x   66 [phone-chromium] › tests\e2e\display-fabric.spec.ts:367:3 › device pixels reach the charts › sizes each chart’s detached canvas from the device and the artboard scale (176ms)
(node:28524) Warning: The 'NO_COLOR' env is ignored due to the 'FORCE_COLOR' env being set.
(Use `node --trace-warnings ...` to show where the warning was created)
  x   67 [phone-chromium] › tests\e2e\display-fabric.spec.ts:426:3 › image assets › draws each fit mode, and every icon, in its own box (174ms)
(node:21860) Warning: The 'NO_COLOR' env is ignored due to the 'FORCE_COLOR' env being set.
(Use `node --trace-warnings ...` to show where the warning was created)
  x   68 [phone-chromium] › tests\e2e\display-fabric.spec.ts:458:3 › image assets › applies contain, cover and stretch geometry (167ms)
(node:23100) Warning: The 'NO_COLOR' env is ignored due to the 'FORCE_COLOR' env being set.
(Use `node --trace-warnings ...` to show where the warning was created)
  x   69 [phone-chromium] › tests\e2e\display-fabric.spec.ts:475:3 › image assets › recolours bitmap and SVG artwork from source alpha (§132) (170ms)
(node:26936) Warning: The 'NO_COLOR' env is ignored due to the 'FORCE_COLOR' env being set.
(Use `node --trace-warnings ...` to show where the warning was created)
  x   70 [phone-chromium] › tests\e2e\display-fabric.spec.ts:488:3 › image assets › draws a vector icon the shape the asset actually is (192ms)
(node:22816) Warning: The 'NO_COLOR' env is ignored due to the 'FORCE_COLOR' env being set.
(Use `node --trace-warnings ...` to show where the warning was created)
  x   71 [phone-chromium] › tests\e2e\display-fabric.spec.ts:561:3 › image assets › draws nothing at all for an asset the server does not have (170ms)
(node:26792) Warning: The 'NO_COLOR' env is ignored due to the 'FORCE_COLOR' env being set.
(Use `node --trace-warnings ...` to show where the warning was created)
  x   72 [phone-chromium] › tests\e2e\display-fabric.spec.ts:574:3 › what it cannot draw, it says › warns about tabular numerals rather than silently approximating them (§85) (169ms)
(node:26460) Warning: The 'NO_COLOR' env is ignored due to the 'FORCE_COLOR' env being set.
(Use `node --trace-warnings ...` to show where the warning was created)
  x   73 [phone-chromium] › tests\e2e\display-fabric.spec.ts:595:5 › every fixture renders › stress: mounts, paints and reports no page error (170ms)
(node:20660) Warning: The 'NO_COLOR' env is ignored due to the 'FORCE_COLOR' env being set.
(Use `node --trace-warnings ...` to show where the warning was created)
  x   74 [phone-chromium] › tests\e2e\display-fabric.spec.ts:595:5 › every fixture renders › portrait-cover: mounts, paints and reports no page error (167ms)
(node:21420) Warning: The 'NO_COLOR' env is ignored due to the 'FORCE_COLOR' env being set.
(Use `node --trace-warnings ...` to show where the warning was created)
  x   75 [phone-chromium] › tests\e2e\display-fabric.spec.ts:595:5 › every fixture renders › assets: mounts, paints and reports no page error (167ms)
(node:29276) Warning: The 'NO_COLOR' env is ignored due to the 'FORCE_COLOR' env being set.
(Use `node --trace-warnings ...` to show where the warning was created)
  x   76 [phone-chromium] › tests\e2e\display-fabric.spec.ts:625:3 › every fixture renders › unknown hosted themes show a clear load failure (152ms)
(node:26344) Warning: The 'NO_COLOR' env is ignored due to the 'FORCE_COLOR' env being set.
(Use `node --trace-warnings ...` to show where the warning was created)
  x   77 [phone-chromium] › tests\e2e\display-fabric.spec.ts:633:3 › every fixture renders › keeps invisible nodes in the scene without painting them (178ms)
(node:28508) Warning: The 'NO_COLOR' env is ignored due to the 'FORCE_COLOR' env being set.
(Use `node --trace-warnings ...` to show where the warning was created)
  x   78 [phone-chromium] › tests\e2e\display-fabric.spec.ts:642:5 › every fixture renders › captures stress for visual review (166ms)
(node:10668) Warning: The 'NO_COLOR' env is ignored due to the 'FORCE_COLOR' env being set.
(Use `node --trace-warnings ...` to show where the warning was created)
  x   79 [phone-chromium] › tests\e2e\display-fabric.spec.ts:642:5 › every fixture renders › captures portrait-cover for visual review (180ms)
(node:25956) Warning: The 'NO_COLOR' env is ignored due to the 'FORCE_COLOR' env being set.
(Use `node --trace-warnings ...` to show where the warning was created)
  x   80 [phone-chromium] › tests\e2e\display-fabric.spec.ts:642:5 › every fixture renders › captures assets for visual review (284ms)
(node:24824) Warning: The 'NO_COLOR' env is ignored due to the 'FORCE_COLOR' env being set.
(Use `node --trace-warnings ...` to show where the warning was created)
  x   81 [phone-chromium] › tests\e2e\display-fabric.spec.ts:671:3 › every fixture renders › is byte-stable at a fixed clock on one platform (113ms)
(node:28780) Warning: The 'NO_COLOR' env is ignored due to the 'FORCE_COLOR' env being set.
(Use `node --trace-warnings ...` to show where the warning was created)
  -   82 [phone-chromium] › tests\e2e\editor-fork.spec.ts:8:3 › Fabric editor route › mounts the adopted editor shell on the editor stage
  -   83 [phone-chromium] › tests\e2e\editor-fork.spec.ts:24:3 › Fabric editor route › switches chart refresh between 30 and 1 FPS
  -   84 [phone-chromium] › tests\e2e\editor-fork.spec.ts:39:3 › Fabric editor route › creates and saves text with derived v2 references
  -   85 [phone-chromium] › tests\e2e\editor-fork.spec.ts:83:3 › Fabric editor route › creates a chart with palette-backed settings that save and reopen
  -   86 [phone-chromium] › tests\e2e\editor-fork.spec.ts:126:3 › Fabric editor route › captures the mounted editor for visual review
  -   87 [phone-chromium] › tests\e2e\editor-fork.spec.ts:142:3 › Fabric editor route › captures selected chart binding controls for visual review
  -   88 [phone-chromium] › tests\e2e\editor-fork.spec.ts:168:3 › Fabric editor route › captures semantic layer controls for visual review
  -   89 [phone-chromium] › tests\e2e\editor-fork.spec.ts:191:3 › Fabric editor route › captures changed artboard controls for visual review
  -   90 [phone-chromium] › tests\e2e\editor-fork.spec.ts:218:3 › Fabric editor route › rejects literal artboard paint in a v2 document
  -   91 [phone-chromium] › tests\e2e\editor-fork.spec.ts:245:3 › Fabric editor route › renders palette gradients on the native Fabric artboard
  -   92 [phone-chromium] › tests\e2e\editor-fork.spec.ts:306:3 › Fabric editor route › edits an artboard palette token through the fork property surface
  -   93 [phone-chromium] › tests\e2e\editor-fork.spec.ts:334:3 › Fabric editor route › reassigns palette references before deleting a token
  -   94 [phone-chromium] › tests\e2e\editor-fork.spec.ts:367:3 › Fabric editor route › reassigns chart paint before deleting its palette token
  -   95 [phone-chromium] › tests\e2e\editor-fork.spec.ts:400:3 › Fabric editor route › edits a global type preset through the fork property surface
  -   96 [phone-chromium] › tests\e2e\editor-fork.spec.ts:459:3 › Fabric editor route › captures curated font trio controls for visual review
  -   97 [phone-chromium] › tests\e2e\editor-fork.spec.ts:478:3 › Fabric editor route › reassigns text type presets before deleting one
  -   98 [phone-chromium] › tests\e2e\editor-fork.spec.ts:514:3 › Fabric editor route › captures dirty document replacement confirmation for visual review
  -   99 [phone-chromium] › tests\e2e\editor-fork.spec.ts:545:3 › Fabric editor route › selects a chart in the starter theme through the visible Fabric canvas
  -  100 [phone-chromium] › tests\e2e\editor-fork.spec.ts:560:3 › Fabric editor route › persists artboard properties without rescaling Fabric objects
  -  101 [phone-chromium] › tests\e2e\editor-fork.spec.ts:592:3 › Fabric editor route › persists a selected chart binding
  -  102 [phone-chromium] › tests\e2e\editor-fork.spec.ts:619:3 › Fabric editor route › persists selected chart paint as a palette reference
  -  103 [phone-chromium] › tests\e2e\editor-fork.spec.ts:647:3 › Fabric editor route › refreshes bound text without saving its sampled value
  -  104 [phone-chromium] › tests\e2e\editor-fork.spec.ts:853:3 › Fabric editor route › opens a v2 theme and keeps the active editor when its Fabric runtime is incompatible
  -  105 [phone-chromium] › tests\e2e\editor-fork.spec.ts:891:3 › Fabric editor route › round-trips an opened v2 Fabric scene through the fork save path
  -  106 [phone-chromium] › tests\e2e\editor-fork.spec.ts:944:3 › Fabric editor route › imports and round-trips packaged images
  -  107 [phone-chromium] › tests\e2e\editor-fork.spec.ts:1075:3 › Fabric editor route › authors a packaged background image through Theme settings
  -  108 [phone-chromium] › tests\e2e\editor-fork.spec.ts:1113:3 › Fabric editor route › persists an ordinary fork drag and restores it through undo
  -  109 [phone-chromium] › tests\e2e\editor-fork.spec.ts:1207:3 › Fabric editor route › rehydrates a chart runtime after undo
  -  110 [phone-chromium] › tests\e2e\editor-fork.spec.ts:1264:3 › Fabric editor route › keeps the active document when Fabric cannot revive a schema-valid scene
  -  111 [phone-chromium] › tests\e2e\editor-fork.spec.ts:1287:3 › Fabric editor route › asks before Open discards a changed Fabric scene
  -  112 [phone-chromium] › tests\e2e\editor-fork.spec.ts:1326:3 › Fabric editor route › asks before New discards a changed Fabric scene


  1) [desktop-chromium] › tests\e2e\display-fabric.spec.ts:367:3 › device pixels reach the charts › sizes each chart’s detached canvas from the device and the artboard scale 

    Error: page.goto: net::ERR_CONNECTION_REFUSED at http://127.0.0.1:4173/?theme=stress
    Call log:
      - navigating to "http://127.0.0.1:4173/?theme=stress", waiting until "load"


       at canvas-probe.ts:35

      33 | ): Promise<void> {
      34 |   await installFixedClock(page);
    > 35 |   await page.goto(query);
         |              ^
      36 |   await page.waitForSelector('canvas[data-vigilia="artboard"]');
      37 |   // A chart whose content is entirely animated draws nothing until time advances.
      38 |   await page.clock.runFor(1500);
        at openCanvasPlayer (D:\git-repos\vigilia\src\web\tests\e2e\canvas-probe.ts:35:14)
        at D:\git-repos\vigilia\src\web\tests\e2e\display-fabric.spec.ts:374:5

    Error Context: test-results\display-fabric-device-pixe-a2b12-vice-and-the-artboard-scale-desktop-chromium\error-context.md

    attachment #2: trace (application/zip) ─────────────────────────────────────────────────────────
    test-results\display-fabric-device-pixe-a2b12-vice-and-the-artboard-scale-desktop-chromium\trace.zip
    Usage:

        npx playwright show-trace test-results\display-fabric-device-pixe-a2b12-vice-and-the-artboard-scale-desktop-chromium\trace.zip

    ────────────────────────────────────────────────────────────────────────────────────────────────

  2) [desktop-chromium] › tests\e2e\display-fabric.spec.ts:426:3 › image assets › draws each fit mode, and every icon, in its own box 

    Error: page.goto: net::ERR_CONNECTION_REFUSED at http://127.0.0.1:4173/?theme=assets
    Call log:
      - navigating to "http://127.0.0.1:4173/?theme=assets", waiting until "load"


       at canvas-probe.ts:35

      33 | ): Promise<void> {
      34 |   await installFixedClock(page);
    > 35 |   await page.goto(query);
         |              ^
      36 |   await page.waitForSelector('canvas[data-vigilia="artboard"]');
      37 |   // A chart whose content is entirely animated draws nothing until time advances.
      38 |   await page.clock.runFor(1500);
        at openCanvasPlayer (D:\git-repos\vigilia\src\web\tests\e2e\canvas-probe.ts:35:14)
        at D:\git-repos\vigilia\src\web\tests\e2e\display-fabric.spec.ts:435:5

    Error Context: test-results\display-fabric-image-asset-bdfd3-d-every-icon-in-its-own-box-desktop-chromium\error-context.md

    attachment #2: trace (application/zip) ─────────────────────────────────────────────────────────
    test-results\display-fabric-image-asset-bdfd3-d-every-icon-in-its-own-box-desktop-chromium\trace.zip
    Usage:

        npx playwright show-trace test-results\display-fabric-image-asset-bdfd3-d-every-icon-in-its-own-box-desktop-chromium\trace.zip

    ────────────────────────────────────────────────────────────────────────────────────────────────

  3) [desktop-chromium] › tests\e2e\display-fabric.spec.ts:458:3 › image assets › applies contain, cover and stretch geometry 

    Error: page.goto: net::ERR_CONNECTION_REFUSED at http://127.0.0.1:4173/?theme=assets
    Call log:
      - navigating to "http://127.0.0.1:4173/?theme=assets", waiting until "load"


       at canvas-probe.ts:35

      33 | ): Promise<void> {
      34 |   await installFixedClock(page);
    > 35 |   await page.goto(query);
         |              ^
      36 |   await page.waitForSelector('canvas[data-vigilia="artboard"]');
      37 |   // A chart whose content is entirely animated draws nothing until time advances.
      38 |   await page.clock.runFor(1500);
        at openCanvasPlayer (D:\git-repos\vigilia\src\web\tests\e2e\canvas-probe.ts:35:14)
        at D:\git-repos\vigilia\src\web\tests\e2e\display-fabric.spec.ts:459:5

    Error Context: test-results\display-fabric-image-asset-cf0b1--cover-and-stretch-geometry-desktop-chromium\error-context.md

    attachment #2: trace (application/zip) ─────────────────────────────────────────────────────────
    test-results\display-fabric-image-asset-cf0b1--cover-and-stretch-geometry-desktop-chromium\trace.zip
    Usage:

        npx playwright show-trace test-results\display-fabric-image-asset-cf0b1--cover-and-stretch-geometry-desktop-chromium\trace.zip

    ────────────────────────────────────────────────────────────────────────────────────────────────

  4) [desktop-chromium] › tests\e2e\display-fabric.spec.ts:475:3 › image assets › recolours bitmap and SVG artwork from source alpha (§132) 

    Error: page.goto: net::ERR_CONNECTION_REFUSED at http://127.0.0.1:4173/?theme=assets
    Call log:
      - navigating to "http://127.0.0.1:4173/?theme=assets", waiting until "load"


       at canvas-probe.ts:35

      33 | ): Promise<void> {
      34 |   await installFixedClock(page);
    > 35 |   await page.goto(query);
         |              ^
      36 |   await page.waitForSelector('canvas[data-vigilia="artboard"]');
      37 |   // A chart whose content is entirely animated draws nothing until time advances.
      38 |   await page.clock.runFor(1500);
        at openCanvasPlayer (D:\git-repos\vigilia\src\web\tests\e2e\canvas-probe.ts:35:14)
        at D:\git-repos\vigilia\src\web\tests\e2e\display-fabric.spec.ts:478:5

    Error Context: test-results\display-fabric-image-asset-ed959-ork-from-source-alpha-§132--desktop-chromium\error-context.md

    attachment #2: trace (application/zip) ─────────────────────────────────────────────────────────
    test-results\display-fabric-image-asset-ed959-ork-from-source-alpha-§132--desktop-chromium\trace.zip
    Usage:

        npx playwright show-trace test-results\display-fabric-image-asset-ed959-ork-from-source-alpha-§132--desktop-chromium\trace.zip

    ────────────────────────────────────────────────────────────────────────────────────────────────

  5) [desktop-chromium] › tests\e2e\display-fabric.spec.ts:488:3 › image assets › draws a vector icon the shape the asset actually is 

    Error: page.goto: net::ERR_CONNECTION_REFUSED at http://127.0.0.1:4173/?theme=assets
    Call log:
      - navigating to "http://127.0.0.1:4173/?theme=assets", waiting until "load"


       at canvas-probe.ts:35

      33 | ): Promise<void> {
      34 |   await installFixedClock(page);
    > 35 |   await page.goto(query);
         |              ^
      36 |   await page.waitForSelector('canvas[data-vigilia="artboard"]');
      37 |   // A chart whose content is entirely animated draws nothing until time advances.
      38 |   await page.clock.runFor(1500);
        at openCanvasPlayer (D:\git-repos\vigilia\src\web\tests\e2e\canvas-probe.ts:35:14)
        at D:\git-repos\vigilia\src\web\tests\e2e\display-fabric.spec.ts:502:5

    Error Context: test-results\display-fabric-image-asset-93f64-shape-the-asset-actually-is-desktop-chromium\error-context.md

    attachment #2: trace (application/zip) ─────────────────────────────────────────────────────────
    test-results\display-fabric-image-asset-93f64-shape-the-asset-actually-is-desktop-chromium\trace.zip
    Usage:

        npx playwright show-trace test-results\display-fabric-image-asset-93f64-shape-the-asset-actually-is-desktop-chromium\trace.zip

    ────────────────────────────────────────────────────────────────────────────────────────────────

  6) [desktop-chromium] › tests\e2e\display-fabric.spec.ts:561:3 › image assets › draws nothing at all for an asset the server does not have 

    Error: page.goto: net::ERR_CONNECTION_REFUSED at http://127.0.0.1:4173/?theme=assets
    Call log:
      - navigating to "http://127.0.0.1:4173/?theme=assets", waiting until "load"


       at canvas-probe.ts:35

      33 | ): Promise<void> {
      34 |   await installFixedClock(page);
    > 35 |   await page.goto(query);
         |              ^
      36 |   await page.waitForSelector('canvas[data-vigilia="artboard"]');
      37 |   // A chart whose content is entirely animated draws nothing until time advances.
      38 |   await page.clock.runFor(1500);
        at openCanvasPlayer (D:\git-repos\vigilia\src\web\tests\e2e\canvas-probe.ts:35:14)
        at D:\git-repos\vigilia\src\web\tests\e2e\display-fabric.spec.ts:567:5

    Error Context: test-results\display-fabric-image-asset-b36e2-et-the-server-does-not-have-desktop-chromium\error-context.md

    attachment #2: trace (application/zip) ─────────────────────────────────────────────────────────
    test-results\display-fabric-image-asset-b36e2-et-the-server-does-not-have-desktop-chromium\trace.zip
    Usage:

        npx playwright show-trace test-results\display-fabric-image-asset-b36e2-et-the-server-does-not-have-desktop-chromium\trace.zip

    ────────────────────────────────────────────────────────────────────────────────────────────────

  7) [desktop-chromium] › tests\e2e\display-fabric.spec.ts:574:3 › what it cannot draw, it says › warns about tabular numerals rather than silently approximating them (§85) 

    Error: page.goto: net::ERR_CONNECTION_REFUSED at http://127.0.0.1:4173/?theme=stress
    Call log:
      - navigating to "http://127.0.0.1:4173/?theme=stress", waiting until "load"


       at canvas-probe.ts:35

      33 | ): Promise<void> {
      34 |   await installFixedClock(page);
    > 35 |   await page.goto(query);
         |              ^
      36 |   await page.waitForSelector('canvas[data-vigilia="artboard"]');
      37 |   // A chart whose content is entirely animated draws nothing until time advances.
      38 |   await page.clock.runFor(1500);
        at openCanvasPlayer (D:\git-repos\vigilia\src\web\tests\e2e\canvas-probe.ts:35:14)
        at D:\git-repos\vigilia\src\web\tests\e2e\display-fabric.spec.ts:585:5

    Error Context: test-results\display-fabric-what-it-can-63e8a-tly-approximating-them-§85--desktop-chromium\error-context.md

    attachment #2: trace (application/zip) ─────────────────────────────────────────────────────────
    test-results\display-fabric-what-it-can-63e8a-tly-approximating-them-§85--desktop-chromium\trace.zip
    Usage:

        npx playwright show-trace test-results\display-fabric-what-it-can-63e8a-tly-approximating-them-§85--desktop-chromium\trace.zip

    ────────────────────────────────────────────────────────────────────────────────────────────────

  8) [desktop-chromium] › tests\e2e\display-fabric.spec.ts:595:5 › every fixture renders › stress: mounts, paints and reports no page error 

    Error: page.goto: net::ERR_CONNECTION_REFUSED at http://127.0.0.1:4173/?theme=stress
    Call log:
      - navigating to "http://127.0.0.1:4173/?theme=stress", waiting until "load"


       at canvas-probe.ts:35

      33 | ): Promise<void> {
      34 |   await installFixedClock(page);
    > 35 |   await page.goto(query);
         |              ^
      36 |   await page.waitForSelector('canvas[data-vigilia="artboard"]');
      37 |   // A chart whose content is entirely animated draws nothing until time advances.
      38 |   await page.clock.runFor(1500);
        at openCanvasPlayer (D:\git-repos\vigilia\src\web\tests\e2e\canvas-probe.ts:35:14)
        at D:\git-repos\vigilia\src\web\tests\e2e\display-fabric.spec.ts:610:7

    Error Context: test-results\display-fabric-every-fixtu-7db88-s-and-reports-no-page-error-desktop-chromium\error-context.md

    attachment #2: trace (application/zip) ─────────────────────────────────────────────────────────
    test-results\display-fabric-every-fixtu-7db88-s-and-reports-no-page-error-desktop-chromium\trace.zip
    Usage:

        npx playwright show-trace test-results\display-fabric-every-fixtu-7db88-s-and-reports-no-page-error-desktop-chromium\trace.zip

    ────────────────────────────────────────────────────────────────────────────────────────────────

  9) [desktop-chromium] › tests\e2e\display-fabric.spec.ts:595:5 › every fixture renders › portrait-cover: mounts, paints and reports no page error 

    Error: page.goto: net::ERR_CONNECTION_REFUSED at http://127.0.0.1:4173/?theme=portrait-cover
    Call log:
      - navigating to "http://127.0.0.1:4173/?theme=portrait-cover", waiting until "load"


       at canvas-probe.ts:35

      33 | ): Promise<void> {
      34 |   await installFixedClock(page);
    > 35 |   await page.goto(query);
         |              ^
      36 |   await page.waitForSelector('canvas[data-vigilia="artboard"]');
      37 |   // A chart whose content is entirely animated draws nothing until time advances.
      38 |   await page.clock.runFor(1500);
        at openCanvasPlayer (D:\git-repos\vigilia\src\web\tests\e2e\canvas-probe.ts:35:14)
        at D:\git-repos\vigilia\src\web\tests\e2e\display-fabric.spec.ts:610:7

    Error Context: test-results\display-fabric-every-fixtu-3beec-s-and-reports-no-page-error-desktop-chromium\error-context.md

    attachment #2: trace (application/zip) ─────────────────────────────────────────────────────────
    test-results\display-fabric-every-fixtu-3beec-s-and-reports-no-page-error-desktop-chromium\trace.zip
    Usage:

        npx playwright show-trace test-results\display-fabric-every-fixtu-3beec-s-and-reports-no-page-error-desktop-chromium\trace.zip

    ────────────────────────────────────────────────────────────────────────────────────────────────

  10) [desktop-chromium] › tests\e2e\display-fabric.spec.ts:595:5 › every fixture renders › assets: mounts, paints and reports no page error 

    Error: page.goto: net::ERR_CONNECTION_REFUSED at http://127.0.0.1:4173/?theme=assets
    Call log:
      - navigating to "http://127.0.0.1:4173/?theme=assets", waiting until "load"


       at canvas-probe.ts:35

      33 | ): Promise<void> {
      34 |   await installFixedClock(page);
    > 35 |   await page.goto(query);
         |              ^
      36 |   await page.waitForSelector('canvas[data-vigilia="artboard"]');
      37 |   // A chart whose content is entirely animated draws nothing until time advances.
      38 |   await page.clock.runFor(1500);
        at openCanvasPlayer (D:\git-repos\vigilia\src\web\tests\e2e\canvas-probe.ts:35:14)
        at D:\git-repos\vigilia\src\web\tests\e2e\display-fabric.spec.ts:610:7

    Error Context: test-results\display-fabric-every-fixtu-82420-s-and-reports-no-page-error-desktop-chromium\error-context.md

    attachment #2: trace (application/zip) ─────────────────────────────────────────────────────────
    test-results\display-fabric-every-fixtu-82420-s-and-reports-no-page-error-desktop-chromium\trace.zip
    Usage:

        npx playwright show-trace test-results\display-fabric-every-fixtu-82420-s-and-reports-no-page-error-desktop-chromium\trace.zip

    ────────────────────────────────────────────────────────────────────────────────────────────────

  11) [desktop-chromium] › tests\e2e\display-fabric.spec.ts:625:3 › every fixture renders › unknown hosted themes show a clear load failure 

    Error: page.goto: net::ERR_CONNECTION_REFUSED at http://127.0.0.1:4173/?theme=does-not-exist
    Call log:
      - navigating to "http://127.0.0.1:4173/?theme=does-not-exist", waiting until "load"


      624 |
      625 |   test("unknown hosted themes show a clear load failure", async ({ page }) => {
    > 626 |     await page.goto("/?theme=does-not-exist");
          |                ^
      627 |
      628 |     await expect(page.locator("#artboard")).toHaveText(
      629 |       /Vigilia could not load this theme/,
        at D:\git-repos\vigilia\src\web\tests\e2e\display-fabric.spec.ts:626:16

    Error Context: test-results\display-fabric-every-fixtu-b9bee-s-show-a-clear-load-failure-desktop-chromium\error-context.md

    attachment #2: trace (application/zip) ─────────────────────────────────────────────────────────
    test-results\display-fabric-every-fixtu-b9bee-s-show-a-clear-load-failure-desktop-chromium\trace.zip
    Usage:

        npx playwright show-trace test-results\display-fabric-every-fixtu-b9bee-s-show-a-clear-load-failure-desktop-chromium\trace.zip

    ────────────────────────────────────────────────────────────────────────────────────────────────

  12) [desktop-chromium] › tests\e2e\display-fabric.spec.ts:633:3 › every fixture renders › keeps invisible nodes in the scene without painting them 

    Error: page.goto: net::ERR_CONNECTION_REFUSED at http://127.0.0.1:4173/?theme=stress
    Call log:
      - navigating to "http://127.0.0.1:4173/?theme=stress", waiting until "load"


       at canvas-probe.ts:35

      33 | ): Promise<void> {
      34 |   await installFixedClock(page);
    > 35 |   await page.goto(query);
         |              ^
      36 |   await page.waitForSelector('canvas[data-vigilia="artboard"]');
      37 |   // A chart whose content is entirely animated draws nothing until time advances.
      38 |   await page.clock.runFor(1500);
        at openCanvasPlayer (D:\git-repos\vigilia\src\web\tests\e2e\canvas-probe.ts:35:14)
        at D:\git-repos\vigilia\src\web\tests\e2e\display-fabric.spec.ts:636:5

    Error Context: test-results\display-fabric-every-fixtu-b5c3d-scene-without-painting-them-desktop-chromium\error-context.md

    attachment #2: trace (application/zip) ─────────────────────────────────────────────────────────
    test-results\display-fabric-every-fixtu-b5c3d-scene-without-painting-them-desktop-chromium\trace.zip
    Usage:

        npx playwright show-trace test-results\display-fabric-every-fixtu-b5c3d-scene-without-painting-them-desktop-chromium\trace.zip

    ────────────────────────────────────────────────────────────────────────────────────────────────

  13) [desktop-chromium] › tests\e2e\display-fabric.spec.ts:642:5 › every fixture renders › captures stress for visual review 

    Error: page.goto: net::ERR_CONNECTION_REFUSED at http://127.0.0.1:4173/?theme=stress
    Call log:
      - navigating to "http://127.0.0.1:4173/?theme=stress", waiting until "load"


       at canvas-probe.ts:35

      33 | ): Promise<void> {
      34 |   await installFixedClock(page);
    > 35 |   await page.goto(query);
         |              ^
      36 |   await page.waitForSelector('canvas[data-vigilia="artboard"]');
      37 |   // A chart whose content is entirely animated draws nothing until time advances.
      38 |   await page.clock.runFor(1500);
        at openCanvasPlayer (D:\git-repos\vigilia\src\web\tests\e2e\canvas-probe.ts:35:14)
        at D:\git-repos\vigilia\src\web\tests\e2e\display-fabric.spec.ts:651:7

    Error Context: test-results\display-fabric-every-fixtu-2d98b-es-stress-for-visual-review-desktop-chromium\error-context.md

    attachment #2: trace (application/zip) ─────────────────────────────────────────────────────────
    test-results\display-fabric-every-fixtu-2d98b-es-stress-for-visual-review-desktop-chromium\trace.zip
    Usage:

        npx playwright show-trace test-results\display-fabric-every-fixtu-2d98b-es-stress-for-visual-review-desktop-chromium\trace.zip

    ────────────────────────────────────────────────────────────────────────────────────────────────

  14) [desktop-chromium] › tests\e2e\display-fabric.spec.ts:642:5 › every fixture renders › captures portrait-cover for visual review 

    Error: page.goto: net::ERR_CONNECTION_REFUSED at http://127.0.0.1:4173/?theme=portrait-cover
    Call log:
      - navigating to "http://127.0.0.1:4173/?theme=portrait-cover", waiting until "load"


       at canvas-probe.ts:35

      33 | ): Promise<void> {
      34 |   await installFixedClock(page);
    > 35 |   await page.goto(query);
         |              ^
      36 |   await page.waitForSelector('canvas[data-vigilia="artboard"]');
      37 |   // A chart whose content is entirely animated draws nothing until time advances.
      38 |   await page.clock.runFor(1500);
        at openCanvasPlayer (D:\git-repos\vigilia\src\web\tests\e2e\canvas-probe.ts:35:14)
        at D:\git-repos\vigilia\src\web\tests\e2e\display-fabric.spec.ts:651:7

    Error Context: test-results\display-fabric-every-fixtu-25e1f-ait-cover-for-visual-review-desktop-chromium\error-context.md

    attachment #2: trace (application/zip) ─────────────────────────────────────────────────────────
    test-results\display-fabric-every-fixtu-25e1f-ait-cover-for-visual-review-desktop-chromium\trace.zip
    Usage:

        npx playwright show-trace test-results\display-fabric-every-fixtu-25e1f-ait-cover-for-visual-review-desktop-chromium\trace.zip

    ────────────────────────────────────────────────────────────────────────────────────────────────

  15) [desktop-chromium] › tests\e2e\display-fabric.spec.ts:642:5 › every fixture renders › captures assets for visual review 

    Error: page.goto: net::ERR_CONNECTION_REFUSED at http://127.0.0.1:4173/?theme=assets
    Call log:
      - navigating to "http://127.0.0.1:4173/?theme=assets", waiting until "load"


       at canvas-probe.ts:35

      33 | ): Promise<void> {
      34 |   await installFixedClock(page);
    > 35 |   await page.goto(query);
         |              ^
      36 |   await page.waitForSelector('canvas[data-vigilia="artboard"]');
      37 |   // A chart whose content is entirely animated draws nothing until time advances.
      38 |   await page.clock.runFor(1500);
        at openCanvasPlayer (D:\git-repos\vigilia\src\web\tests\e2e\canvas-probe.ts:35:14)
        at D:\git-repos\vigilia\src\web\tests\e2e\display-fabric.spec.ts:651:7

    Error Context: test-results\display-fabric-every-fixtu-bf714-es-assets-for-visual-review-desktop-chromium\error-context.md

    attachment #2: trace (application/zip) ─────────────────────────────────────────────────────────
    test-results\display-fabric-every-fixtu-bf714-es-assets-for-visual-review-desktop-chromium\trace.zip
    Usage:

        npx playwright show-trace test-results\display-fabric-every-fixtu-bf714-es-assets-for-visual-review-desktop-chromium\trace.zip

    ────────────────────────────────────────────────────────────────────────────────────────────────

  16) [desktop-chromium] › tests\e2e\display-fabric.spec.ts:671:3 › every fixture renders › is byte-stable at a fixed clock on one platform 

    Error: page.goto: net::ERR_CONNECTION_REFUSED at http://127.0.0.1:4173/?theme=stress&static=1
    Call log:
      - navigating to "http://127.0.0.1:4173/?theme=stress&static=1", waiting until "load"


       at clock.ts:127

      125 | ): Promise<void> {
      126 |   await installFixedClock(page);
    > 127 |   await page.goto(url);
          |              ^
      128 |   await page.locator(ready).first().waitFor();
      129 | }
      130 |
        at openPaused (D:\git-repos\vigilia\src\web\tests\e2e\clock.ts:127:14)
        at capture (D:\git-repos\vigilia\src\web\tests\e2e\display-fabric.spec.ts:678:7)
        at D:\git-repos\vigilia\src\web\tests\e2e\display-fabric.spec.ts:692:5

    Error Context: test-results\display-fabric-every-fixtu-df09f-fixed-clock-on-one-platform-desktop-chromium\error-context.md

    attachment #2: trace (application/zip) ─────────────────────────────────────────────────────────
    test-results\display-fabric-every-fixtu-df09f-fixed-clock-on-one-platform-desktop-chromium\trace.zip
    Usage:

        npx playwright show-trace test-results\display-fabric-every-fixtu-df09f-fixed-clock-on-one-platform-desktop-chromium\trace.zip

    ────────────────────────────────────────────────────────────────────────────────────────────────

  17) [desktop-chromium] › tests\e2e\editor-fork.spec.ts:8:3 › Fabric editor route › mounts the adopted editor shell on the editor stage 

    Error: page.goto: net::ERR_CONNECTION_REFUSED at http://127.0.0.1:4174/
    Call log:
      - navigating to "http://127.0.0.1:4174/", waiting until "load"


      14 |     );
      15 |
    > 16 |     await page.goto(EDITOR);
         |                ^
      17 |
      18 |     await expect(
      19 |       page.locator("#vigilia-fabric-editor canvas.upper-canvas"),
        at D:\git-repos\vigilia\src\web\tests\e2e\editor-fork.spec.ts:16:16

    Error Context: test-results\editor-fork-Fabric-editor--6725b-r-shell-on-the-editor-stage-desktop-chromium\error-context.md

    attachment #2: trace (application/zip) ─────────────────────────────────────────────────────────
    test-results\editor-fork-Fabric-editor--6725b-r-shell-on-the-editor-stage-desktop-chromium\trace.zip
    Usage:

        npx playwright show-trace test-results\editor-fork-Fabric-editor--6725b-r-shell-on-the-editor-stage-desktop-chromium\trace.zip

    ────────────────────────────────────────────────────────────────────────────────────────────────

  18) [desktop-chromium] › tests\e2e\editor-fork.spec.ts:24:3 › Fabric editor route › switches chart refresh between 30 and 1 FPS 

    Error: page.goto: net::ERR_CONNECTION_REFUSED at http://127.0.0.1:4174/
    Call log:
      - navigating to "http://127.0.0.1:4174/", waiting until "load"


      30 |     );
      31 |
    > 32 |     await page.goto(EDITOR);
         |                ^
      33 |     const refresh = page.locator("[data-vigilia-chart-refresh]");
      34 |     await expect(refresh).toHaveValue("30");
      35 |     await refresh.selectOption("1");
        at D:\git-repos\vigilia\src\web\tests\e2e\editor-fork.spec.ts:32:16

    Error Context: test-results\editor-fork-Fabric-editor--d23a6-efresh-between-30-and-1-FPS-desktop-chromium\error-context.md

    attachment #2: trace (application/zip) ─────────────────────────────────────────────────────────
    test-results\editor-fork-Fabric-editor--d23a6-efresh-between-30-and-1-FPS-desktop-chromium\trace.zip
    Usage:

        npx playwright show-trace test-results\editor-fork-Fabric-editor--d23a6-efresh-between-30-and-1-FPS-desktop-chromium\trace.zip

    ────────────────────────────────────────────────────────────────────────────────────────────────

  19) [desktop-chromium] › tests\e2e\editor-fork.spec.ts:39:3 › Fabric editor route › creates and saves text with derived v2 references 

    Error: page.goto: net::ERR_CONNECTION_REFUSED at http://127.0.0.1:4174/
    Call log:
      - navigating to "http://127.0.0.1:4174/", waiting until "load"


      45 |     );
      46 |
    > 47 |     await page.goto(EDITOR);
         |                ^
      48 |     await page
      49 |       .locator('[data-vigilia-panel="add"]')
      50 |       .getByRole("button", { name: "Text" })
        at D:\git-repos\vigilia\src\web\tests\e2e\editor-fork.spec.ts:47:16

    Error Context: test-results\editor-fork-Fabric-editor--afa4a--with-derived-v2-references-desktop-chromium\error-context.md

    attachment #2: trace (application/zip) ─────────────────────────────────────────────────────────
    test-results\editor-fork-Fabric-editor--afa4a--with-derived-v2-references-desktop-chromium\trace.zip
    Usage:

        npx playwright show-trace test-results\editor-fork-Fabric-editor--afa4a--with-derived-v2-references-desktop-chromium\trace.zip

    ────────────────────────────────────────────────────────────────────────────────────────────────

  20) [desktop-chromium] › tests\e2e\editor-fork.spec.ts:83:3 › Fabric editor route › creates a chart with palette-backed settings that save and reopen 

    Error: page.goto: net::ERR_CONNECTION_REFUSED at http://127.0.0.1:4174/
    Call log:
      - navigating to "http://127.0.0.1:4174/", waiting until "load"


      89 |     );
      90 |
    > 91 |     await page.goto(EDITOR);
         |                ^
      92 |     await page
      93 |       .locator('[data-vigilia-panel="add"]')
      94 |       .getByRole("button", { name: "Gauge" })
        at D:\git-repos\vigilia\src\web\tests\e2e\editor-fork.spec.ts:91:16

    Error Context: test-results\editor-fork-Fabric-editor--e1332-ttings-that-save-and-reopen-desktop-chromium\error-context.md

    attachment #2: trace (application/zip) ─────────────────────────────────────────────────────────
    test-results\editor-fork-Fabric-editor--e1332-ttings-that-save-and-reopen-desktop-chromium\trace.zip
    Usage:

        npx playwright show-trace test-results\editor-fork-Fabric-editor--e1332-ttings-that-save-and-reopen-desktop-chromium\trace.zip

    ────────────────────────────────────────────────────────────────────────────────────────────────

  21) [desktop-chromium] › tests\e2e\editor-fork.spec.ts:126:3 › Fabric editor route › captures the mounted editor for visual review 

    Error: page.goto: net::ERR_CONNECTION_REFUSED at http://127.0.0.1:4174/
    Call log:
      - navigating to "http://127.0.0.1:4174/", waiting until "load"


      132 |     );
      133 |
    > 134 |     await page.goto(EDITOR);
          |                ^
      135 |     await expect(
      136 |       page.locator("#vigilia-fabric-editor canvas.upper-canvas"),
      137 |     ).toBeVisible();
        at D:\git-repos\vigilia\src\web\tests\e2e\editor-fork.spec.ts:134:16

    Error Context: test-results\editor-fork-Fabric-editor--237a0-ed-editor-for-visual-review-desktop-chromium\error-context.md

    attachment #2: trace (application/zip) ─────────────────────────────────────────────────────────
    test-results\editor-fork-Fabric-editor--237a0-ed-editor-for-visual-review-desktop-chromium\trace.zip
    Usage:

        npx playwright show-trace test-results\editor-fork-Fabric-editor--237a0-ed-editor-for-visual-review-desktop-chromium\trace.zip

    ────────────────────────────────────────────────────────────────────────────────────────────────

  22) [desktop-chromium] › tests\e2e\editor-fork.spec.ts:142:3 › Fabric editor route › captures selected chart binding controls for visual review 

    Error: page.goto: net::ERR_CONNECTION_REFUSED at http://127.0.0.1:4174/
    Call log:
      - navigating to "http://127.0.0.1:4174/", waiting until "load"


      148 |     );
      149 |
    > 150 |     await page.goto(EDITOR);
          |                ^
      151 |     await selectStarterChart(page);
      152 |     await page
      153 |       .locator('[data-vigilia-binding="cpu-load"]')
        at D:\git-repos\vigilia\src\web\tests\e2e\editor-fork.spec.ts:150:16

    Error Context: test-results\editor-fork-Fabric-editor--c81da--controls-for-visual-review-desktop-chromium\error-context.md

    attachment #2: trace (application/zip) ─────────────────────────────────────────────────────────
    test-results\editor-fork-Fabric-editor--c81da--controls-for-visual-review-desktop-chromium\trace.zip
    Usage:

        npx playwright show-trace test-results\editor-fork-Fabric-editor--c81da--controls-for-visual-review-desktop-chromium\trace.zip

    ────────────────────────────────────────────────────────────────────────────────────────────────

  23) [desktop-chromium] › tests\e2e\editor-fork.spec.ts:168:3 › Fabric editor route › captures semantic layer controls for visual review 

    Error: page.goto: net::ERR_CONNECTION_REFUSED at http://127.0.0.1:4174/
    Call log:
      - navigating to "http://127.0.0.1:4174/", waiting until "load"


      174 |     );
      175 |
    > 176 |     await page.goto(EDITOR);
          |                ^
      177 |     const layer = page.locator('[data-vigilia-layer="load-gauge"]');
      178 |     await expect(layer).toBeVisible();
      179 |     await layer.click();
        at D:\git-repos\vigilia\src\web\tests\e2e\editor-fork.spec.ts:176:16

    Error Context: test-results\editor-fork-Fabric-editor--7935b--controls-for-visual-review-desktop-chromium\error-context.md

    attachment #2: trace (application/zip) ─────────────────────────────────────────────────────────
    test-results\editor-fork-Fabric-editor--7935b--controls-for-visual-review-desktop-chromium\trace.zip
    Usage:

        npx playwright show-trace test-results\editor-fork-Fabric-editor--7935b--controls-for-visual-review-desktop-chromium\trace.zip

    ────────────────────────────────────────────────────────────────────────────────────────────────

  24) [desktop-chromium] › tests\e2e\editor-fork.spec.ts:191:3 › Fabric editor route › captures changed artboard controls for visual review 

    Error: page.goto: net::ERR_CONNECTION_REFUSED at http://127.0.0.1:4174/
    Call log:
      - navigating to "http://127.0.0.1:4174/", waiting until "load"


      197 |     );
      198 |
    > 199 |     await page.goto(EDITOR);
          |                ^
      200 |     await page
      201 |       .locator("[data-vigilia-artboard-fit-mode]")
      202 |       .selectOption("cover");
        at D:\git-repos\vigilia\src\web\tests\e2e\editor-fork.spec.ts:199:16

    Error Context: test-results\editor-fork-Fabric-editor--93a9d--controls-for-visual-review-desktop-chromium\error-context.md

    attachment #2: trace (application/zip) ─────────────────────────────────────────────────────────
    test-results\editor-fork-Fabric-editor--93a9d--controls-for-visual-review-desktop-chromium\trace.zip
    Usage:

        npx playwright show-trace test-results\editor-fork-Fabric-editor--93a9d--controls-for-visual-review-desktop-chromium\trace.zip

    ────────────────────────────────────────────────────────────────────────────────────────────────

  25) [desktop-chromium] › tests\e2e\editor-fork.spec.ts:218:3 › Fabric editor route › rejects literal artboard paint in a v2 document 

    Error: page.goto: net::ERR_CONNECTION_REFUSED at http://127.0.0.1:4174/
    Call log:
      - navigating to "http://127.0.0.1:4174/", waiting until "load"


      224 |     );
      225 |
    > 226 |     await page.goto(EDITOR);
          |                ^
      227 |     await setUncheckedThemePackage(page, "literal-bars.vigilia-theme", {
      228 |       schemaVersion: 2,
      229 |       fabricVersion: "7.4.0",
        at D:\git-repos\vigilia\src\web\tests\e2e\editor-fork.spec.ts:226:16

    Error Context: test-results\editor-fork-Fabric-editor--6c588-oard-paint-in-a-v2-document-desktop-chromium\error-context.md

    attachment #2: trace (application/zip) ─────────────────────────────────────────────────────────
    test-results\editor-fork-Fabric-editor--6c588-oard-paint-in-a-v2-document-desktop-chromium\trace.zip
    Usage:

        npx playwright show-trace test-results\editor-fork-Fabric-editor--6c588-oard-paint-in-a-v2-document-desktop-chromium\trace.zip

    ────────────────────────────────────────────────────────────────────────────────────────────────

  26) [desktop-chromium] › tests\e2e\editor-fork.spec.ts:245:3 › Fabric editor route › renders palette gradients on the native Fabric artboard 

    Error: page.goto: net::ERR_CONNECTION_REFUSED at http://127.0.0.1:4174/
    Call log:
      - navigating to "http://127.0.0.1:4174/", waiting until "load"


      251 |     );
      252 |
    > 253 |     await page.goto(EDITOR);
          |                ^
      254 |     await setThemePackage(page, "gradient-artboard.vigilia-theme", {
      255 |       schemaVersion: 2,
      256 |       fabricVersion: "7.4.0",
        at D:\git-repos\vigilia\src\web\tests\e2e\editor-fork.spec.ts:253:16

    Error Context: test-results\editor-fork-Fabric-editor--15608--the-native-Fabric-artboard-desktop-chromium\error-context.md

    attachment #2: trace (application/zip) ─────────────────────────────────────────────────────────
    test-results\editor-fork-Fabric-editor--15608--the-native-Fabric-artboard-desktop-chromium\trace.zip
    Usage:

        npx playwright show-trace test-results\editor-fork-Fabric-editor--15608--the-native-Fabric-artboard-desktop-chromium\trace.zip

    ────────────────────────────────────────────────────────────────────────────────────────────────

  27) [desktop-chromium] › tests\e2e\editor-fork.spec.ts:306:3 › Fabric editor route › edits an artboard palette token through the fork property surface 

    Error: page.goto: net::ERR_CONNECTION_REFUSED at http://127.0.0.1:4174/
    Call log:
      - navigating to "http://127.0.0.1:4174/", waiting until "load"


      312 |     );
      313 |
    > 314 |     await page.goto(EDITOR);
          |                ^
      315 |     await page
      316 |       .locator("[data-vigilia-palette-token]")
      317 |       .selectOption("background");
        at D:\git-repos\vigilia\src\web\tests\e2e\editor-fork.spec.ts:314:16

    Error Context: test-results\editor-fork-Fabric-editor--fa662-h-the-fork-property-surface-desktop-chromium\error-context.md

    attachment #2: trace (application/zip) ─────────────────────────────────────────────────────────
    test-results\editor-fork-Fabric-editor--fa662-h-the-fork-property-surface-desktop-chromium\trace.zip
    Usage:

        npx playwright show-trace test-results\editor-fork-Fabric-editor--fa662-h-the-fork-property-surface-desktop-chromium\trace.zip

    ────────────────────────────────────────────────────────────────────────────────────────────────

  28) [desktop-chromium] › tests\e2e\editor-fork.spec.ts:334:3 › Fabric editor route › reassigns palette references before deleting a token 

    Error: page.goto: net::ERR_CONNECTION_REFUSED at http://127.0.0.1:4174/
    Call log:
      - navigating to "http://127.0.0.1:4174/", waiting until "load"


      340 |     );
      341 |
    > 342 |     await page.goto(EDITOR);
          |                ^
      343 |     await page
      344 |       .locator("[data-vigilia-palette-token]")
      345 |       .selectOption("background");
        at D:\git-repos\vigilia\src\web\tests\e2e\editor-fork.spec.ts:342:16

    Error Context: test-results\editor-fork-Fabric-editor--5d1d6-ces-before-deleting-a-token-desktop-chromium\error-context.md

    attachment #2: trace (application/zip) ─────────────────────────────────────────────────────────
    test-results\editor-fork-Fabric-editor--5d1d6-ces-before-deleting-a-token-desktop-chromium\trace.zip
    Usage:

        npx playwright show-trace test-results\editor-fork-Fabric-editor--5d1d6-ces-before-deleting-a-token-desktop-chromium\trace.zip

    ────────────────────────────────────────────────────────────────────────────────────────────────

  29) [desktop-chromium] › tests\e2e\editor-fork.spec.ts:367:3 › Fabric editor route › reassigns chart paint before deleting its palette token 

    Error: page.goto: net::ERR_CONNECTION_REFUSED at http://127.0.0.1:4174/
    Call log:
      - navigating to "http://127.0.0.1:4174/", waiting until "load"


      373 |     );
      374 |
    > 375 |     await page.goto(EDITOR);
          |                ^
      376 |     await page
      377 |       .locator("[data-vigilia-palette-token]")
      378 |       .selectOption("chartTrack");
        at D:\git-repos\vigilia\src\web\tests\e2e\editor-fork.spec.ts:375:16

    Error Context: test-results\editor-fork-Fabric-editor--40e78--deleting-its-palette-token-desktop-chromium\error-context.md

    attachment #2: trace (application/zip) ─────────────────────────────────────────────────────────
    test-results\editor-fork-Fabric-editor--40e78--deleting-its-palette-token-desktop-chromium\trace.zip
    Usage:

        npx playwright show-trace test-results\editor-fork-Fabric-editor--40e78--deleting-its-palette-token-desktop-chromium\trace.zip

    ────────────────────────────────────────────────────────────────────────────────────────────────

  30) [desktop-chromium] › tests\e2e\editor-fork.spec.ts:400:3 › Fabric editor route › edits a global type preset through the fork property surface 

    Error: page.goto: net::ERR_CONNECTION_REFUSED at http://127.0.0.1:4174/
    Call log:
      - navigating to "http://127.0.0.1:4174/", waiting until "load"


      406 |     );
      407 |
    > 408 |     await page.goto(EDITOR);
          |                ^
      409 |     await page.route("https://cdn.jsdelivr.net/fontsource/fonts/**", (route) =>
      410 |       route.fulfill({ body: Buffer.from([0, 1, 2]) }),
      411 |     );
        at D:\git-repos\vigilia\src\web\tests\e2e\editor-fork.spec.ts:408:16

    Error Context: test-results\editor-fork-Fabric-editor--acde2-h-the-fork-property-surface-desktop-chromium\error-context.md

    attachment #2: trace (application/zip) ─────────────────────────────────────────────────────────
    test-results\editor-fork-Fabric-editor--acde2-h-the-fork-property-surface-desktop-chromium\trace.zip
    Usage:

        npx playwright show-trace test-results\editor-fork-Fabric-editor--acde2-h-the-fork-property-surface-desktop-chromium\trace.zip

    ────────────────────────────────────────────────────────────────────────────────────────────────

  31) [desktop-chromium] › tests\e2e\editor-fork.spec.ts:459:3 › Fabric editor route › captures curated font trio controls for visual review 

    Error: page.goto: net::ERR_CONNECTION_REFUSED at http://127.0.0.1:4174/
    Call log:
      - navigating to "http://127.0.0.1:4174/", waiting until "load"


      465 |     );
      466 |
    > 467 |     await page.goto(EDITOR);
          |                ^
      468 |     await page.locator("[data-vigilia-type-preset]").selectOption("32-500");
      469 |     const face = page.locator("[data-vigilia-font-face]");
      470 |     await face.scrollIntoViewIfNeeded();
        at D:\git-repos\vigilia\src\web\tests\e2e\editor-fork.spec.ts:467:16

    Error Context: test-results\editor-fork-Fabric-editor--66a09--controls-for-visual-review-desktop-chromium\error-context.md

    attachment #2: trace (application/zip) ─────────────────────────────────────────────────────────
    test-results\editor-fork-Fabric-editor--66a09--controls-for-visual-review-desktop-chromium\trace.zip
    Usage:

        npx playwright show-trace test-results\editor-fork-Fabric-editor--66a09--controls-for-visual-review-desktop-chromium\trace.zip

    ────────────────────────────────────────────────────────────────────────────────────────────────

  32) [desktop-chromium] › tests\e2e\editor-fork.spec.ts:478:3 › Fabric editor route › reassigns text type presets before deleting one 

    Error: page.goto: net::ERR_CONNECTION_REFUSED at http://127.0.0.1:4174/
    Call log:
      - navigating to "http://127.0.0.1:4174/", waiting until "load"


      484 |     );
      485 |
    > 486 |     await page.goto(EDITOR);
          |                ^
      487 |     await page.locator("[data-vigilia-type-preset]").selectOption("11-400");
      488 |     await page
      489 |       .locator("[data-vigilia-type-replacement]")
        at D:\git-repos\vigilia\src\web\tests\e2e\editor-fork.spec.ts:486:16

    Error Context: test-results\editor-fork-Fabric-editor--4b231-presets-before-deleting-one-desktop-chromium\error-context.md

    attachment #2: trace (application/zip) ─────────────────────────────────────────────────────────
    test-results\editor-fork-Fabric-editor--4b231-presets-before-deleting-one-desktop-chromium\trace.zip
    Usage:

        npx playwright show-trace test-results\editor-fork-Fabric-editor--4b231-presets-before-deleting-one-desktop-chromium\trace.zip

    ────────────────────────────────────────────────────────────────────────────────────────────────

  33) [desktop-chromium] › tests\e2e\editor-fork.spec.ts:514:3 › Fabric editor route › captures dirty document replacement confirmation for visual review 

    Error: page.goto: net::ERR_CONNECTION_REFUSED at http://127.0.0.1:4174/
    Call log:
      - navigating to "http://127.0.0.1:4174/", waiting until "load"


      520 |     );
      521 |
    > 522 |     await page.goto(EDITOR);
          |                ^
      523 |     await page.evaluate(() => {
      524 |       const editor = Object.entries(
      525 |         window as unknown as Record<string, unknown>,
        at D:\git-repos\vigilia\src\web\tests\e2e\editor-fork.spec.ts:522:16

    Error Context: test-results\editor-fork-Fabric-editor--d21e6-firmation-for-visual-review-desktop-chromium\error-context.md

    attachment #2: trace (application/zip) ─────────────────────────────────────────────────────────
    test-results\editor-fork-Fabric-editor--d21e6-firmation-for-visual-review-desktop-chromium\trace.zip
    Usage:

        npx playwright show-trace test-results\editor-fork-Fabric-editor--d21e6-firmation-for-visual-review-desktop-chromium\trace.zip

    ────────────────────────────────────────────────────────────────────────────────────────────────

  34) [desktop-chromium] › tests\e2e\editor-fork.spec.ts:545:3 › Fabric editor route › selects a chart in the starter theme through the visible Fabric canvas 

    Error: page.goto: net::ERR_CONNECTION_REFUSED at http://127.0.0.1:4174/
    Call log:
      - navigating to "http://127.0.0.1:4174/", waiting until "load"


      551 |     );
      552 |
    > 553 |     await page.goto(EDITOR);
          |                ^
      554 |     await selectStarterChart(page);
      555 |     await expect(
      556 |       page.locator('[data-vigilia-chart-setting="thickness"]'),
        at D:\git-repos\vigilia\src\web\tests\e2e\editor-fork.spec.ts:553:16

    Error Context: test-results\editor-fork-Fabric-editor--246c3-h-the-visible-Fabric-canvas-desktop-chromium\error-context.md

    attachment #2: trace (application/zip) ─────────────────────────────────────────────────────────
    test-results\editor-fork-Fabric-editor--246c3-h-the-visible-Fabric-canvas-desktop-chromium\trace.zip
    Usage:

        npx playwright show-trace test-results\editor-fork-Fabric-editor--246c3-h-the-visible-Fabric-canvas-desktop-chromium\trace.zip

    ────────────────────────────────────────────────────────────────────────────────────────────────

  35) [desktop-chromium] › tests\e2e\editor-fork.spec.ts:560:3 › Fabric editor route › persists artboard properties without rescaling Fabric objects 

    Error: page.goto: net::ERR_CONNECTION_REFUSED at http://127.0.0.1:4174/
    Call log:
      - navigating to "http://127.0.0.1:4174/", waiting until "load"


      566 |     );
      567 |
    > 568 |     await page.goto(EDITOR);
          |                ^
      569 |     await page
      570 |       .locator("[data-vigilia-artboard-fit-mode]")
      571 |       .selectOption("cover");
        at D:\git-repos\vigilia\src\web\tests\e2e\editor-fork.spec.ts:568:16

    Error Context: test-results\editor-fork-Fabric-editor--82063-ut-rescaling-Fabric-objects-desktop-chromium\error-context.md

    attachment #2: trace (application/zip) ─────────────────────────────────────────────────────────
    test-results\editor-fork-Fabric-editor--82063-ut-rescaling-Fabric-objects-desktop-chromium\trace.zip
    Usage:

        npx playwright show-trace test-results\editor-fork-Fabric-editor--82063-ut-rescaling-Fabric-objects-desktop-chromium\trace.zip

    ────────────────────────────────────────────────────────────────────────────────────────────────

  36) [desktop-chromium] › tests\e2e\editor-fork.spec.ts:592:3 › Fabric editor route › persists a selected chart binding 

    Error: page.goto: net::ERR_CONNECTION_REFUSED at http://127.0.0.1:4174/
    Call log:
      - navigating to "http://127.0.0.1:4174/", waiting until "load"


      596 |     );
      597 |
    > 598 |     await page.goto(EDITOR);
          |                ^
      599 |     await selectStarterChart(page);
      600 |     await page
      601 |       .locator('[data-vigilia-binding="cpu-load"]')
        at D:\git-repos\vigilia\src\web\tests\e2e\editor-fork.spec.ts:598:16

    Error Context: test-results\editor-fork-Fabric-editor--b65eb-ts-a-selected-chart-binding-desktop-chromium\error-context.md

    attachment #2: trace (application/zip) ─────────────────────────────────────────────────────────
    test-results\editor-fork-Fabric-editor--b65eb-ts-a-selected-chart-binding-desktop-chromium\trace.zip
    Usage:

        npx playwright show-trace test-results\editor-fork-Fabric-editor--b65eb-ts-a-selected-chart-binding-desktop-chromium\trace.zip

    ────────────────────────────────────────────────────────────────────────────────────────────────

  37) [desktop-chromium] › tests\e2e\editor-fork.spec.ts:619:3 › Fabric editor route › persists selected chart paint as a palette reference 

    Error: page.goto: net::ERR_CONNECTION_REFUSED at http://127.0.0.1:4174/
    Call log:
      - navigating to "http://127.0.0.1:4174/", waiting until "load"


      625 |     );
      626 |
    > 627 |     await page.goto(EDITOR);
          |                ^
      628 |     await selectStarterChart(page);
      629 |     await page
      630 |       .locator('[data-vigilia-chart-paint="progress"]')
        at D:\git-repos\vigilia\src\web\tests\e2e\editor-fork.spec.ts:627:16

    Error Context: test-results\editor-fork-Fabric-editor--19913-aint-as-a-palette-reference-desktop-chromium\error-context.md

    attachment #2: trace (application/zip) ─────────────────────────────────────────────────────────
    test-results\editor-fork-Fabric-editor--19913-aint-as-a-palette-reference-desktop-chromium\trace.zip
    Usage:

        npx playwright show-trace test-results\editor-fork-Fabric-editor--19913-aint-as-a-palette-reference-desktop-chromium\trace.zip

    ────────────────────────────────────────────────────────────────────────────────────────────────

  38) [desktop-chromium] › tests\e2e\editor-fork.spec.ts:647:3 › Fabric editor route › refreshes bound text without saving its sampled value 

    Error: page.goto: net::ERR_CONNECTION_REFUSED at http://127.0.0.1:4174/
    Call log:
      - navigating to "http://127.0.0.1:4174/", waiting until "load"


      653 |     );
      654 |
    > 655 |     await page.goto(EDITOR);
          |                ^
      656 |     await setThemePackage(page, "live-text.vigilia-theme", {
      657 |       schemaVersion: 2,
      658 |       fabricVersion: "7.4.0",
        at D:\git-repos\vigilia\src\web\tests\e2e\editor-fork.spec.ts:655:16

    Error Context: test-results\editor-fork-Fabric-editor--6e2d3-ut-saving-its-sampled-value-desktop-chromium\error-context.md

    attachment #2: trace (application/zip) ─────────────────────────────────────────────────────────
    test-results\editor-fork-Fabric-editor--6e2d3-ut-saving-its-sampled-value-desktop-chromium\trace.zip
    Usage:

        npx playwright show-trace test-results\editor-fork-Fabric-editor--6e2d3-ut-saving-its-sampled-value-desktop-chromium\trace.zip

    ────────────────────────────────────────────────────────────────────────────────────────────────

  39) [desktop-chromium] › tests\e2e\editor-fork.spec.ts:853:3 › Fabric editor route › opens a v2 theme and keeps the active editor when its Fabric runtime is incompatible 

    Error: page.goto: net::ERR_CONNECTION_REFUSED at http://127.0.0.1:4174/
    Call log:
      - navigating to "http://127.0.0.1:4174/", waiting until "load"


      859 |     );
      860 |
    > 861 |     await page.goto(EDITOR);
          |                ^
      862 |     const envelope = {
      863 |       schemaVersion: 2,
      864 |       fabricVersion: "7.4.0",
        at D:\git-repos\vigilia\src\web\tests\e2e\editor-fork.spec.ts:861:16

    Error Context: test-results\editor-fork-Fabric-editor--eb035-ric-runtime-is-incompatible-desktop-chromium\error-context.md

    attachment #2: trace (application/zip) ─────────────────────────────────────────────────────────
    test-results\editor-fork-Fabric-editor--eb035-ric-runtime-is-incompatible-desktop-chromium\trace.zip
    Usage:

        npx playwright show-trace test-results\editor-fork-Fabric-editor--eb035-ric-runtime-is-incompatible-desktop-chromium\trace.zip

    ────────────────────────────────────────────────────────────────────────────────────────────────

  40) [desktop-chromium] › tests\e2e\editor-fork.spec.ts:891:3 › Fabric editor route › round-trips an opened v2 Fabric scene through the fork save path 

    Error: page.goto: net::ERR_CONNECTION_REFUSED at http://127.0.0.1:4174/
    Call log:
      - navigating to "http://127.0.0.1:4174/", waiting until "load"


      897 |     );
      898 |
    > 899 |     await page.goto(EDITOR);
          |                ^
      900 |     const picker = page.locator('input[accept=".vigilia-theme"]');
      901 |     await setThemePackage(page, "source.vigilia-theme", {
      902 |       schemaVersion: 2,
        at D:\git-repos\vigilia\src\web\tests\e2e\editor-fork.spec.ts:899:16

    Error Context: test-results\editor-fork-Fabric-editor--8bf8b--through-the-fork-save-path-desktop-chromium\error-context.md

    attachment #2: trace (application/zip) ─────────────────────────────────────────────────────────
    test-results\editor-fork-Fabric-editor--8bf8b--through-the-fork-save-path-desktop-chromium\trace.zip
    Usage:

        npx playwright show-trace test-results\editor-fork-Fabric-editor--8bf8b--through-the-fork-save-path-desktop-chromium\trace.zip

    ────────────────────────────────────────────────────────────────────────────────────────────────

  41) [desktop-chromium] › tests\e2e\editor-fork.spec.ts:944:3 › Fabric editor route › imports and round-trips packaged images 

    Error: page.goto: net::ERR_CONNECTION_REFUSED at http://127.0.0.1:4174/
    Call log:
      - navigating to "http://127.0.0.1:4174/", waiting until "load"


      949 |       "the editor is a desktop surface",
      950 |     );
    > 951 |     await page.goto(EDITOR);
          |                ^
      952 |     await page.locator("[data-vigilia-asset-import]").setInputFiles({
      953 |       name: "logo.png",
      954 |       mimeType: "image/png",
        at D:\git-repos\vigilia\src\web\tests\e2e\editor-fork.spec.ts:951:16

    Error Context: test-results\editor-fork-Fabric-editor--3856d-round-trips-packaged-images-desktop-chromium\error-context.md

    attachment #2: trace (application/zip) ─────────────────────────────────────────────────────────
    test-results\editor-fork-Fabric-editor--3856d-round-trips-packaged-images-desktop-chromium\trace.zip
    Usage:

        npx playwright show-trace test-results\editor-fork-Fabric-editor--3856d-round-trips-packaged-images-desktop-chromium\trace.zip

    ────────────────────────────────────────────────────────────────────────────────────────────────

  42) [desktop-chromium] › tests\e2e\editor-fork.spec.ts:1075:3 › Fabric editor route › authors a packaged background image through Theme settings 

    Error: page.goto: net::ERR_CONNECTION_REFUSED at http://127.0.0.1:4174/
    Call log:
      - navigating to "http://127.0.0.1:4174/", waiting until "load"


      1080 |       "the editor is a desktop surface",
      1081 |     );
    > 1082 |     await page.goto(EDITOR);
           |                ^
      1083 |     await page.locator("[data-vigilia-asset-import]").setInputFiles({
      1084 |       name: "hero.png",
      1085 |       mimeType: "image/png",
        at D:\git-repos\vigilia\src\web\tests\e2e\editor-fork.spec.ts:1082:16

    Error Context: test-results\editor-fork-Fabric-editor--7840e-mage-through-Theme-settings-desktop-chromium\error-context.md

    attachment #2: trace (application/zip) ─────────────────────────────────────────────────────────
    test-results\editor-fork-Fabric-editor--7840e-mage-through-Theme-settings-desktop-chromium\trace.zip
    Usage:

        npx playwright show-trace test-results\editor-fork-Fabric-editor--7840e-mage-through-Theme-settings-desktop-chromium\trace.zip

    ────────────────────────────────────────────────────────────────────────────────────────────────

  43) [desktop-chromium] › tests\e2e\editor-fork.spec.ts:1113:3 › Fabric editor route › persists an ordinary fork drag and restores it through undo 

    Error: page.goto: net::ERR_CONNECTION_REFUSED at http://127.0.0.1:4174/
    Call log:
      - navigating to "http://127.0.0.1:4174/", waiting until "load"


      1119 |     );
      1120 |
    > 1121 |     await page.goto(EDITOR);
           |                ^
      1122 |     await setThemePackage(page, "movable.vigilia-theme", {
      1123 |       schemaVersion: 2,
      1124 |       fabricVersion: "7.4.0",
        at D:\git-repos\vigilia\src\web\tests\e2e\editor-fork.spec.ts:1121:16

    Error Context: test-results\editor-fork-Fabric-editor--d3a5a-nd-restores-it-through-undo-desktop-chromium\error-context.md

    attachment #2: trace (application/zip) ─────────────────────────────────────────────────────────
    test-results\editor-fork-Fabric-editor--d3a5a-nd-restores-it-through-undo-desktop-chromium\trace.zip
    Usage:

        npx playwright show-trace test-results\editor-fork-Fabric-editor--d3a5a-nd-restores-it-through-undo-desktop-chromium\trace.zip

    ────────────────────────────────────────────────────────────────────────────────────────────────

  44) [desktop-chromium] › tests\e2e\editor-fork.spec.ts:1207:3 › Fabric editor route › rehydrates a chart runtime after undo 

    Error: page.goto: net::ERR_CONNECTION_REFUSED at http://127.0.0.1:4174/
    Call log:
      - navigating to "http://127.0.0.1:4174/", waiting until "load"


      1211 |     );
      1212 |
    > 1213 |     await page.goto(EDITOR);
           |                ^
      1214 |     await selectStarterChart(page);
      1215 |     const canvas = page.locator("#vigilia-fabric-editor canvas.upper-canvas");
      1216 |     const box = await canvas.boundingBox();
        at D:\git-repos\vigilia\src\web\tests\e2e\editor-fork.spec.ts:1213:16

    Error Context: test-results\editor-fork-Fabric-editor--213d4--a-chart-runtime-after-undo-desktop-chromium\error-context.md

    attachment #2: trace (application/zip) ─────────────────────────────────────────────────────────
    test-results\editor-fork-Fabric-editor--213d4--a-chart-runtime-after-undo-desktop-chromium\trace.zip
    Usage:

        npx playwright show-trace test-results\editor-fork-Fabric-editor--213d4--a-chart-runtime-after-undo-desktop-chromium\trace.zip

    ────────────────────────────────────────────────────────────────────────────────────────────────

  45) [desktop-chromium] › tests\e2e\editor-fork.spec.ts:1264:3 › Fabric editor route › keeps the active document when Fabric cannot revive a schema-valid scene 

    Error: page.goto: net::ERR_CONNECTION_REFUSED at http://127.0.0.1:4174/
    Call log:
      - navigating to "http://127.0.0.1:4174/", waiting until "load"


      1270 |     );
      1271 |
    > 1272 |     await page.goto(EDITOR);
           |                ^
      1273 |     await setUncheckedThemePackage(page, "unrevivable.vigilia-theme", {
      1274 |       schemaVersion: 2,
      1275 |       fabricVersion: "7.4.0",
        at D:\git-repos\vigilia\src\web\tests\e2e\editor-fork.spec.ts:1272:16

    Error Context: test-results\editor-fork-Fabric-editor--77bb4-revive-a-schema-valid-scene-desktop-chromium\error-context.md

    attachment #2: trace (application/zip) ─────────────────────────────────────────────────────────
    test-results\editor-fork-Fabric-editor--77bb4-revive-a-schema-valid-scene-desktop-chromium\trace.zip
    Usage:

        npx playwright show-trace test-results\editor-fork-Fabric-editor--77bb4-revive-a-schema-valid-scene-desktop-chromium\trace.zip

    ────────────────────────────────────────────────────────────────────────────────────────────────

  46) [desktop-chromium] › tests\e2e\editor-fork.spec.ts:1287:3 › Fabric editor route › asks before Open discards a changed Fabric scene 

    Error: page.goto: net::ERR_CONNECTION_REFUSED at http://127.0.0.1:4174/
    Call log:
      - navigating to "http://127.0.0.1:4174/", waiting until "load"


      1293 |     );
      1294 |
    > 1295 |     await page.goto(EDITOR);
           |                ^
      1296 |     await page.evaluate(() => {
      1297 |       const editor = Object.entries(
      1298 |         window as unknown as Record<string, unknown>,
        at D:\git-repos\vigilia\src\web\tests\e2e\editor-fork.spec.ts:1295:16

    Error Context: test-results\editor-fork-Fabric-editor--9ee11-ards-a-changed-Fabric-scene-desktop-chromium\error-context.md

    attachment #2: trace (application/zip) ─────────────────────────────────────────────────────────
    test-results\editor-fork-Fabric-editor--9ee11-ards-a-changed-Fabric-scene-desktop-chromium\trace.zip
    Usage:

        npx playwright show-trace test-results\editor-fork-Fabric-editor--9ee11-ards-a-changed-Fabric-scene-desktop-chromium\trace.zip

    ────────────────────────────────────────────────────────────────────────────────────────────────

  47) [desktop-chromium] › tests\e2e\editor-fork.spec.ts:1326:3 › Fabric editor route › asks before New discards a changed Fabric scene 

    Error: page.goto: net::ERR_CONNECTION_REFUSED at http://127.0.0.1:4174/
    Call log:
      - navigating to "http://127.0.0.1:4174/", waiting until "load"


      1332 |     );
      1333 |
    > 1334 |     await page.goto(EDITOR);
           |                ^
      1335 |     await page.evaluate(() => {
      1336 |       const editor = Object.entries(
      1337 |         window as unknown as Record<string, unknown>,
        at D:\git-repos\vigilia\src\web\tests\e2e\editor-fork.spec.ts:1334:16

    Error Context: test-results\editor-fork-Fabric-editor--66468-ards-a-changed-Fabric-scene-desktop-chromium\error-context.md

    attachment #2: trace (application/zip) ─────────────────────────────────────────────────────────
    test-results\editor-fork-Fabric-editor--66468-ards-a-changed-Fabric-scene-desktop-chromium\trace.zip
    Usage:

        npx playwright show-trace test-results\editor-fork-Fabric-editor--66468-ards-a-changed-Fabric-scene-desktop-chromium\trace.zip

    ────────────────────────────────────────────────────────────────────────────────────────────────

  48) [phone-chromium] › tests\e2e\display-fabric.spec.ts:176:3 › the scene reaches the canvas › builds identified canvas objects 

    Error: page.goto: net::ERR_CONNECTION_REFUSED at http://127.0.0.1:4173/?theme=stress
    Call log:
      - navigating to "http://127.0.0.1:4173/?theme=stress", waiting until "load"


       at canvas-probe.ts:35

      33 | ): Promise<void> {
      34 |   await installFixedClock(page);
    > 35 |   await page.goto(query);
         |              ^
      36 |   await page.waitForSelector('canvas[data-vigilia="artboard"]');
      37 |   // A chart whose content is entirely animated draws nothing until time advances.
      38 |   await page.clock.runFor(1500);
        at openCanvasPlayer (D:\git-repos\vigilia\src\web\tests\e2e\canvas-probe.ts:35:14)
        at D:\git-repos\vigilia\src\web\tests\e2e\display-fabric.spec.ts:177:5

    Error Context: test-results\display-fabric-the-scene-r-30a98-s-identified-canvas-objects-phone-chromium\error-context.md

    attachment #2: trace (application/zip) ─────────────────────────────────────────────────────────
    test-results\display-fabric-the-scene-r-30a98-s-identified-canvas-objects-phone-chromium\trace.zip
    Usage:

        npx playwright show-trace test-results\display-fabric-the-scene-r-30a98-s-identified-canvas-objects-phone-chromium\trace.zip

    ────────────────────────────────────────────────────────────────────────────────────────────────

  49) [phone-chromium] › tests\e2e\display-fabric.spec.ts:186:3 › the scene reaches the canvas › paints something, which is the whole point 

    Error: page.goto: net::ERR_CONNECTION_REFUSED at http://127.0.0.1:4173/?theme=stress
    Call log:
      - navigating to "http://127.0.0.1:4173/?theme=stress", waiting until "load"


       at canvas-probe.ts:35

      33 | ): Promise<void> {
      34 |   await installFixedClock(page);
    > 35 |   await page.goto(query);
         |              ^
      36 |   await page.waitForSelector('canvas[data-vigilia="artboard"]');
      37 |   // A chart whose content is entirely animated draws nothing until time advances.
      38 |   await page.clock.runFor(1500);
        at openCanvasPlayer (D:\git-repos\vigilia\src\web\tests\e2e\canvas-probe.ts:35:14)
        at D:\git-repos\vigilia\src\web\tests\e2e\display-fabric.spec.ts:187:5

    Error Context: test-results\display-fabric-the-scene-r-f0162-ng-which-is-the-whole-point-phone-chromium\error-context.md

    attachment #2: trace (application/zip) ─────────────────────────────────────────────────────────
    test-results\display-fabric-the-scene-r-f0162-ng-which-is-the-whole-point-phone-chromium\trace.zip
    Usage:

        npx playwright show-trace test-results\display-fabric-the-scene-r-f0162-ng-which-is-the-whole-point-phone-chromium\trace.zip

    ────────────────────────────────────────────────────────────────────────────────────────────────

  50) [phone-chromium] › tests\e2e\display-fabric.spec.ts:203:3 › the scene reaches the canvas › carries the artboard transform in the canvas, not in CSS 

    Error: page.goto: net::ERR_CONNECTION_REFUSED at http://127.0.0.1:4173/?theme=stress
    Call log:
      - navigating to "http://127.0.0.1:4173/?theme=stress", waiting until "load"


       at canvas-probe.ts:35

      33 | ): Promise<void> {
      34 |   await installFixedClock(page);
    > 35 |   await page.goto(query);
         |              ^
      36 |   await page.waitForSelector('canvas[data-vigilia="artboard"]');
      37 |   // A chart whose content is entirely animated draws nothing until time advances.
      38 |   await page.clock.runFor(1500);
        at openCanvasPlayer (D:\git-repos\vigilia\src\web\tests\e2e\canvas-probe.ts:35:14)
        at D:\git-repos\vigilia\src\web\tests\e2e\display-fabric.spec.ts:206:5

    Error Context: test-results\display-fabric-the-scene-r-01a86-rm-in-the-canvas-not-in-CSS-phone-chromium\error-context.md

    attachment #2: trace (application/zip) ─────────────────────────────────────────────────────────
    test-results\display-fabric-the-scene-r-01a86-rm-in-the-canvas-not-in-CSS-phone-chromium\trace.zip
    Usage:

        npx playwright show-trace test-results\display-fabric-the-scene-r-01a86-rm-in-the-canvas-not-in-CSS-phone-chromium\trace.zip

    ────────────────────────────────────────────────────────────────────────────────────────────────

  51) [phone-chromium] › tests\e2e\display-fabric.spec.ts:226:3 › the scene reaches the canvas › letterboxes a 16:9 design on a taller phone (§53) 

    Error: page.goto: net::ERR_CONNECTION_REFUSED at http://127.0.0.1:4173/?theme=stress
    Call log:
      - navigating to "http://127.0.0.1:4173/?theme=stress", waiting until "load"


       at canvas-probe.ts:35

      33 | ): Promise<void> {
      34 |   await installFixedClock(page);
    > 35 |   await page.goto(query);
         |              ^
      36 |   await page.waitForSelector('canvas[data-vigilia="artboard"]');
      37 |   // A chart whose content is entirely animated draws nothing until time advances.
      38 |   await page.clock.runFor(1500);
        at openCanvasPlayer (D:\git-repos\vigilia\src\web\tests\e2e\canvas-probe.ts:35:14)
        at D:\git-repos\vigilia\src\web\tests\e2e\display-fabric.spec.ts:234:5

    Error Context: test-results\display-fabric-the-scene-r-2d465-sign-on-a-taller-phone-§53--phone-chromium\error-context.md

    attachment #2: trace (application/zip) ─────────────────────────────────────────────────────────
    test-results\display-fabric-the-scene-r-2d465-sign-on-a-taller-phone-§53--phone-chromium\trace.zip
    Usage:

        npx playwright show-trace test-results\display-fabric-the-scene-r-2d465-sign-on-a-taller-phone-§53--phone-chromium\trace.zip

    ────────────────────────────────────────────────────────────────────────────────────────────────

  52) [phone-chromium] › tests\e2e\display-fabric.spec.ts:275:3 › the scene reaches the canvas › cover mode fills and crops the viewport (§53) 

    Error: page.goto: net::ERR_CONNECTION_REFUSED at http://127.0.0.1:4173/?theme=portrait-cover
    Call log:
      - navigating to "http://127.0.0.1:4173/?theme=portrait-cover", waiting until "load"


       at canvas-probe.ts:35

      33 | ): Promise<void> {
      34 |   await installFixedClock(page);
    > 35 |   await page.goto(query);
         |              ^
      36 |   await page.waitForSelector('canvas[data-vigilia="artboard"]');
      37 |   // A chart whose content is entirely animated draws nothing until time advances.
      38 |   await page.clock.runFor(1500);
        at openCanvasPlayer (D:\git-repos\vigilia\src\web\tests\e2e\canvas-probe.ts:35:14)
        at D:\git-repos\vigilia\src\web\tests\e2e\display-fabric.spec.ts:276:5

    Error Context: test-results\display-fabric-the-scene-r-44f12-and-crops-the-viewport-§53--phone-chromium\error-context.md

    attachment #2: trace (application/zip) ─────────────────────────────────────────────────────────
    test-results\display-fabric-the-scene-r-44f12-and-crops-the-viewport-§53--phone-chromium\trace.zip
    Usage:

        npx playwright show-trace test-results\display-fabric-the-scene-r-44f12-and-crops-the-viewport-§53--phone-chromium\trace.zip

    ────────────────────────────────────────────────────────────────────────────────────────────────

  53) [phone-chromium] › tests\e2e\display-fabric.spec.ts:289:3 › charts draw through a Fabric object › every family in the stress fixture puts ink on the canvas 

    Error: page.goto: net::ERR_CONNECTION_REFUSED at http://127.0.0.1:4173/?theme=stress
    Call log:
      - navigating to "http://127.0.0.1:4173/?theme=stress", waiting until "load"


       at canvas-probe.ts:35

      33 | ): Promise<void> {
      34 |   await installFixedClock(page);
    > 35 |   await page.goto(query);
         |              ^
      36 |   await page.waitForSelector('canvas[data-vigilia="artboard"]');
      37 |   // A chart whose content is entirely animated draws nothing until time advances.
      38 |   await page.clock.runFor(1500);
        at openCanvasPlayer (D:\git-repos\vigilia\src\web\tests\e2e\canvas-probe.ts:35:14)
        at D:\git-repos\vigilia\src\web\tests\e2e\display-fabric.spec.ts:297:5

    Error Context: test-results\display-fabric-charts-draw-dd744-ture-puts-ink-on-the-canvas-phone-chromium\error-context.md

    attachment #2: trace (application/zip) ─────────────────────────────────────────────────────────
    test-results\display-fabric-charts-draw-dd744-ture-puts-ink-on-the-canvas-phone-chromium\trace.zip
    Usage:

        npx playwright show-trace test-results\display-fabric-charts-draw-dd744-ture-puts-ink-on-the-canvas-phone-chromium\trace.zip

    ────────────────────────────────────────────────────────────────────────────────────────────────

  54) [phone-chromium] › tests\e2e\display-fabric.spec.ts:322:3 › charts draw through a Fabric object › keeps repainting as samples arrive 

    Error: page.goto: net::ERR_CONNECTION_REFUSED at http://127.0.0.1:4173/?theme=stress
    Call log:
      - navigating to "http://127.0.0.1:4173/?theme=stress", waiting until "load"


       at canvas-probe.ts:35

      33 | ): Promise<void> {
      34 |   await installFixedClock(page);
    > 35 |   await page.goto(query);
         |              ^
      36 |   await page.waitForSelector('canvas[data-vigilia="artboard"]');
      37 |   // A chart whose content is entirely animated draws nothing until time advances.
      38 |   await page.clock.runFor(1500);
        at openCanvasPlayer (D:\git-repos\vigilia\src\web\tests\e2e\canvas-probe.ts:35:14)
        at D:\git-repos\vigilia\src\web\tests\e2e\display-fabric.spec.ts:334:5

    Error Context: test-results\display-fabric-charts-draw-02973-epainting-as-samples-arrive-phone-chromium\error-context.md

    attachment #2: trace (application/zip) ─────────────────────────────────────────────────────────
    test-results\display-fabric-charts-draw-02973-epainting-as-samples-arrive-phone-chromium\trace.zip
    Usage:

        npx playwright show-trace test-results\display-fabric-charts-draw-02973-epainting-as-samples-arrive-phone-chromium\trace.zip

    ────────────────────────────────────────────────────────────────────────────────────────────────

  55) [phone-chromium] › tests\e2e\display-fabric.spec.ts:359:3 › charts draw through a Fabric object › updates live objects without recreating them 

    Error: page.goto: net::ERR_CONNECTION_REFUSED at http://127.0.0.1:4173/?theme=stress
    Call log:
      - navigating to "http://127.0.0.1:4173/?theme=stress", waiting until "load"


       at canvas-probe.ts:35

      33 | ): Promise<void> {
      34 |   await installFixedClock(page);
    > 35 |   await page.goto(query);
         |              ^
      36 |   await page.waitForSelector('canvas[data-vigilia="artboard"]');
      37 |   // A chart whose content is entirely animated draws nothing until time advances.
      38 |   await page.clock.runFor(1500);
        at openCanvasPlayer (D:\git-repos\vigilia\src\web\tests\e2e\canvas-probe.ts:35:14)
        at D:\git-repos\vigilia\src\web\tests\e2e\display-fabric.spec.ts:360:5

    Error Context: test-results\display-fabric-charts-draw-2b8f8-cts-without-recreating-them-phone-chromium\error-context.md

    attachment #2: trace (application/zip) ─────────────────────────────────────────────────────────
    test-results\display-fabric-charts-draw-2b8f8-cts-without-recreating-them-phone-chromium\trace.zip
    Usage:

        npx playwright show-trace test-results\display-fabric-charts-draw-2b8f8-cts-without-recreating-them-phone-chromium\trace.zip

    ────────────────────────────────────────────────────────────────────────────────────────────────

  56) [phone-chromium] › tests\e2e\display-fabric.spec.ts:367:3 › device pixels reach the charts › sizes each chart’s detached canvas from the device and the artboard scale 

    Error: page.goto: net::ERR_CONNECTION_REFUSED at http://127.0.0.1:4173/?theme=stress
    Call log:
      - navigating to "http://127.0.0.1:4173/?theme=stress", waiting until "load"


       at canvas-probe.ts:35

      33 | ): Promise<void> {
      34 |   await installFixedClock(page);
    > 35 |   await page.goto(query);
         |              ^
      36 |   await page.waitForSelector('canvas[data-vigilia="artboard"]');
      37 |   // A chart whose content is entirely animated draws nothing until time advances.
      38 |   await page.clock.runFor(1500);
        at openCanvasPlayer (D:\git-repos\vigilia\src\web\tests\e2e\canvas-probe.ts:35:14)
        at D:\git-repos\vigilia\src\web\tests\e2e\display-fabric.spec.ts:374:5

    Error Context: test-results\display-fabric-device-pixe-a2b12-vice-and-the-artboard-scale-phone-chromium\error-context.md

    attachment #2: trace (application/zip) ─────────────────────────────────────────────────────────
    test-results\display-fabric-device-pixe-a2b12-vice-and-the-artboard-scale-phone-chromium\trace.zip
    Usage:

        npx playwright show-trace test-results\display-fabric-device-pixe-a2b12-vice-and-the-artboard-scale-phone-chromium\trace.zip

    ────────────────────────────────────────────────────────────────────────────────────────────────

  57) [phone-chromium] › tests\e2e\display-fabric.spec.ts:426:3 › image assets › draws each fit mode, and every icon, in its own box 

    Error: page.goto: net::ERR_CONNECTION_REFUSED at http://127.0.0.1:4173/?theme=assets
    Call log:
      - navigating to "http://127.0.0.1:4173/?theme=assets", waiting until "load"


       at canvas-probe.ts:35

      33 | ): Promise<void> {
      34 |   await installFixedClock(page);
    > 35 |   await page.goto(query);
         |              ^
      36 |   await page.waitForSelector('canvas[data-vigilia="artboard"]');
      37 |   // A chart whose content is entirely animated draws nothing until time advances.
      38 |   await page.clock.runFor(1500);
        at openCanvasPlayer (D:\git-repos\vigilia\src\web\tests\e2e\canvas-probe.ts:35:14)
        at D:\git-repos\vigilia\src\web\tests\e2e\display-fabric.spec.ts:435:5

    Error Context: test-results\display-fabric-image-asset-bdfd3-d-every-icon-in-its-own-box-phone-chromium\error-context.md

    attachment #2: trace (application/zip) ─────────────────────────────────────────────────────────
    test-results\display-fabric-image-asset-bdfd3-d-every-icon-in-its-own-box-phone-chromium\trace.zip
    Usage:

        npx playwright show-trace test-results\display-fabric-image-asset-bdfd3-d-every-icon-in-its-own-box-phone-chromium\trace.zip

    ────────────────────────────────────────────────────────────────────────────────────────────────

  58) [phone-chromium] › tests\e2e\display-fabric.spec.ts:458:3 › image assets › applies contain, cover and stretch geometry 

    Error: page.goto: net::ERR_CONNECTION_REFUSED at http://127.0.0.1:4173/?theme=assets
    Call log:
      - navigating to "http://127.0.0.1:4173/?theme=assets", waiting until "load"


       at canvas-probe.ts:35

      33 | ): Promise<void> {
      34 |   await installFixedClock(page);
    > 35 |   await page.goto(query);
         |              ^
      36 |   await page.waitForSelector('canvas[data-vigilia="artboard"]');
      37 |   // A chart whose content is entirely animated draws nothing until time advances.
      38 |   await page.clock.runFor(1500);
        at openCanvasPlayer (D:\git-repos\vigilia\src\web\tests\e2e\canvas-probe.ts:35:14)
        at D:\git-repos\vigilia\src\web\tests\e2e\display-fabric.spec.ts:459:5

    Error Context: test-results\display-fabric-image-asset-cf0b1--cover-and-stretch-geometry-phone-chromium\error-context.md

    attachment #2: trace (application/zip) ─────────────────────────────────────────────────────────
    test-results\display-fabric-image-asset-cf0b1--cover-and-stretch-geometry-phone-chromium\trace.zip
    Usage:

        npx playwright show-trace test-results\display-fabric-image-asset-cf0b1--cover-and-stretch-geometry-phone-chromium\trace.zip

    ────────────────────────────────────────────────────────────────────────────────────────────────

  59) [phone-chromium] › tests\e2e\display-fabric.spec.ts:475:3 › image assets › recolours bitmap and SVG artwork from source alpha (§132) 

    Error: page.goto: net::ERR_CONNECTION_REFUSED at http://127.0.0.1:4173/?theme=assets
    Call log:
      - navigating to "http://127.0.0.1:4173/?theme=assets", waiting until "load"


       at canvas-probe.ts:35

      33 | ): Promise<void> {
      34 |   await installFixedClock(page);
    > 35 |   await page.goto(query);
         |              ^
      36 |   await page.waitForSelector('canvas[data-vigilia="artboard"]');
      37 |   // A chart whose content is entirely animated draws nothing until time advances.
      38 |   await page.clock.runFor(1500);
        at openCanvasPlayer (D:\git-repos\vigilia\src\web\tests\e2e\canvas-probe.ts:35:14)
        at D:\git-repos\vigilia\src\web\tests\e2e\display-fabric.spec.ts:478:5

    Error Context: test-results\display-fabric-image-asset-ed959-ork-from-source-alpha-§132--phone-chromium\error-context.md

    attachment #2: trace (application/zip) ─────────────────────────────────────────────────────────
    test-results\display-fabric-image-asset-ed959-ork-from-source-alpha-§132--phone-chromium\trace.zip
    Usage:

        npx playwright show-trace test-results\display-fabric-image-asset-ed959-ork-from-source-alpha-§132--phone-chromium\trace.zip

    ────────────────────────────────────────────────────────────────────────────────────────────────

  60) [phone-chromium] › tests\e2e\display-fabric.spec.ts:488:3 › image assets › draws a vector icon the shape the asset actually is 

    Error: page.goto: net::ERR_CONNECTION_REFUSED at http://127.0.0.1:4173/?theme=assets
    Call log:
      - navigating to "http://127.0.0.1:4173/?theme=assets", waiting until "load"


       at canvas-probe.ts:35

      33 | ): Promise<void> {
      34 |   await installFixedClock(page);
    > 35 |   await page.goto(query);
         |              ^
      36 |   await page.waitForSelector('canvas[data-vigilia="artboard"]');
      37 |   // A chart whose content is entirely animated draws nothing until time advances.
      38 |   await page.clock.runFor(1500);
        at openCanvasPlayer (D:\git-repos\vigilia\src\web\tests\e2e\canvas-probe.ts:35:14)
        at D:\git-repos\vigilia\src\web\tests\e2e\display-fabric.spec.ts:502:5

    Error Context: test-results\display-fabric-image-asset-93f64-shape-the-asset-actually-is-phone-chromium\error-context.md

    attachment #2: trace (application/zip) ─────────────────────────────────────────────────────────
    test-results\display-fabric-image-asset-93f64-shape-the-asset-actually-is-phone-chromium\trace.zip
    Usage:

        npx playwright show-trace test-results\display-fabric-image-asset-93f64-shape-the-asset-actually-is-phone-chromium\trace.zip

    ────────────────────────────────────────────────────────────────────────────────────────────────

  61) [phone-chromium] › tests\e2e\display-fabric.spec.ts:561:3 › image assets › draws nothing at all for an asset the server does not have 

    Error: page.goto: net::ERR_CONNECTION_REFUSED at http://127.0.0.1:4173/?theme=assets
    Call log:
      - navigating to "http://127.0.0.1:4173/?theme=assets", waiting until "load"


       at canvas-probe.ts:35

      33 | ): Promise<void> {
      34 |   await installFixedClock(page);
    > 35 |   await page.goto(query);
         |              ^
      36 |   await page.waitForSelector('canvas[data-vigilia="artboard"]');
      37 |   // A chart whose content is entirely animated draws nothing until time advances.
      38 |   await page.clock.runFor(1500);
        at openCanvasPlayer (D:\git-repos\vigilia\src\web\tests\e2e\canvas-probe.ts:35:14)
        at D:\git-repos\vigilia\src\web\tests\e2e\display-fabric.spec.ts:567:5

    Error Context: test-results\display-fabric-image-asset-b36e2-et-the-server-does-not-have-phone-chromium\error-context.md

    attachment #2: trace (application/zip) ─────────────────────────────────────────────────────────
    test-results\display-fabric-image-asset-b36e2-et-the-server-does-not-have-phone-chromium\trace.zip
    Usage:

        npx playwright show-trace test-results\display-fabric-image-asset-b36e2-et-the-server-does-not-have-phone-chromium\trace.zip

    ────────────────────────────────────────────────────────────────────────────────────────────────

  62) [phone-chromium] › tests\e2e\display-fabric.spec.ts:574:3 › what it cannot draw, it says › warns about tabular numerals rather than silently approximating them (§85) 

    Error: page.goto: net::ERR_CONNECTION_REFUSED at http://127.0.0.1:4173/?theme=stress
    Call log:
      - navigating to "http://127.0.0.1:4173/?theme=stress", waiting until "load"


       at canvas-probe.ts:35

      33 | ): Promise<void> {
      34 |   await installFixedClock(page);
    > 35 |   await page.goto(query);
         |              ^
      36 |   await page.waitForSelector('canvas[data-vigilia="artboard"]');
      37 |   // A chart whose content is entirely animated draws nothing until time advances.
      38 |   await page.clock.runFor(1500);
        at openCanvasPlayer (D:\git-repos\vigilia\src\web\tests\e2e\canvas-probe.ts:35:14)
        at D:\git-repos\vigilia\src\web\tests\e2e\display-fabric.spec.ts:585:5

    Error Context: test-results\display-fabric-what-it-can-63e8a-tly-approximating-them-§85--phone-chromium\error-context.md

    attachment #2: trace (application/zip) ─────────────────────────────────────────────────────────
    test-results\display-fabric-what-it-can-63e8a-tly-approximating-them-§85--phone-chromium\trace.zip
    Usage:

        npx playwright show-trace test-results\display-fabric-what-it-can-63e8a-tly-approximating-them-§85--phone-chromium\trace.zip

    ────────────────────────────────────────────────────────────────────────────────────────────────

  63) [phone-chromium] › tests\e2e\display-fabric.spec.ts:595:5 › every fixture renders › stress: mounts, paints and reports no page error 

    Error: page.goto: net::ERR_CONNECTION_REFUSED at http://127.0.0.1:4173/?theme=stress
    Call log:
      - navigating to "http://127.0.0.1:4173/?theme=stress", waiting until "load"


       at canvas-probe.ts:35

      33 | ): Promise<void> {
      34 |   await installFixedClock(page);
    > 35 |   await page.goto(query);
         |              ^
      36 |   await page.waitForSelector('canvas[data-vigilia="artboard"]');
      37 |   // A chart whose content is entirely animated draws nothing until time advances.
      38 |   await page.clock.runFor(1500);
        at openCanvasPlayer (D:\git-repos\vigilia\src\web\tests\e2e\canvas-probe.ts:35:14)
        at D:\git-repos\vigilia\src\web\tests\e2e\display-fabric.spec.ts:610:7

    Error Context: test-results\display-fabric-every-fixtu-7db88-s-and-reports-no-page-error-phone-chromium\error-context.md

    attachment #2: trace (application/zip) ─────────────────────────────────────────────────────────
    test-results\display-fabric-every-fixtu-7db88-s-and-reports-no-page-error-phone-chromium\trace.zip
    Usage:

        npx playwright show-trace test-results\display-fabric-every-fixtu-7db88-s-and-reports-no-page-error-phone-chromium\trace.zip

    ────────────────────────────────────────────────────────────────────────────────────────────────

  64) [phone-chromium] › tests\e2e\display-fabric.spec.ts:595:5 › every fixture renders › portrait-cover: mounts, paints and reports no page error 

    Error: page.goto: net::ERR_CONNECTION_REFUSED at http://127.0.0.1:4173/?theme=portrait-cover
    Call log:
      - navigating to "http://127.0.0.1:4173/?theme=portrait-cover", waiting until "load"


       at canvas-probe.ts:35

      33 | ): Promise<void> {
      34 |   await installFixedClock(page);
    > 35 |   await page.goto(query);
         |              ^
      36 |   await page.waitForSelector('canvas[data-vigilia="artboard"]');
      37 |   // A chart whose content is entirely animated draws nothing until time advances.
      38 |   await page.clock.runFor(1500);
        at openCanvasPlayer (D:\git-repos\vigilia\src\web\tests\e2e\canvas-probe.ts:35:14)
        at D:\git-repos\vigilia\src\web\tests\e2e\display-fabric.spec.ts:610:7

    Error Context: test-results\display-fabric-every-fixtu-3beec-s-and-reports-no-page-error-phone-chromium\error-context.md

    attachment #2: trace (application/zip) ─────────────────────────────────────────────────────────
    test-results\display-fabric-every-fixtu-3beec-s-and-reports-no-page-error-phone-chromium\trace.zip
    Usage:

        npx playwright show-trace test-results\display-fabric-every-fixtu-3beec-s-and-reports-no-page-error-phone-chromium\trace.zip

    ────────────────────────────────────────────────────────────────────────────────────────────────

  65) [phone-chromium] › tests\e2e\display-fabric.spec.ts:595:5 › every fixture renders › assets: mounts, paints and reports no page error 

    Error: page.goto: net::ERR_CONNECTION_REFUSED at http://127.0.0.1:4173/?theme=assets
    Call log:
      - navigating to "http://127.0.0.1:4173/?theme=assets", waiting until "load"


       at canvas-probe.ts:35

      33 | ): Promise<void> {
      34 |   await installFixedClock(page);
    > 35 |   await page.goto(query);
         |              ^
      36 |   await page.waitForSelector('canvas[data-vigilia="artboard"]');
      37 |   // A chart whose content is entirely animated draws nothing until time advances.
      38 |   await page.clock.runFor(1500);
        at openCanvasPlayer (D:\git-repos\vigilia\src\web\tests\e2e\canvas-probe.ts:35:14)
        at D:\git-repos\vigilia\src\web\tests\e2e\display-fabric.spec.ts:610:7

    Error Context: test-results\display-fabric-every-fixtu-82420-s-and-reports-no-page-error-phone-chromium\error-context.md

    attachment #2: trace (application/zip) ─────────────────────────────────────────────────────────
    test-results\display-fabric-every-fixtu-82420-s-and-reports-no-page-error-phone-chromium\trace.zip
    Usage:

        npx playwright show-trace test-results\display-fabric-every-fixtu-82420-s-and-reports-no-page-error-phone-chromium\trace.zip

    ────────────────────────────────────────────────────────────────────────────────────────────────

  66) [phone-chromium] › tests\e2e\display-fabric.spec.ts:625:3 › every fixture renders › unknown hosted themes show a clear load failure 

    Error: page.goto: net::ERR_CONNECTION_REFUSED at http://127.0.0.1:4173/?theme=does-not-exist
    Call log:
      - navigating to "http://127.0.0.1:4173/?theme=does-not-exist", waiting until "load"


      624 |
      625 |   test("unknown hosted themes show a clear load failure", async ({ page }) => {
    > 626 |     await page.goto("/?theme=does-not-exist");
          |                ^
      627 |
      628 |     await expect(page.locator("#artboard")).toHaveText(
      629 |       /Vigilia could not load this theme/,
        at D:\git-repos\vigilia\src\web\tests\e2e\display-fabric.spec.ts:626:16

    Error Context: test-results\display-fabric-every-fixtu-b9bee-s-show-a-clear-load-failure-phone-chromium\error-context.md

    attachment #2: trace (application/zip) ─────────────────────────────────────────────────────────
    test-results\display-fabric-every-fixtu-b9bee-s-show-a-clear-load-failure-phone-chromium\trace.zip
    Usage:

        npx playwright show-trace test-results\display-fabric-every-fixtu-b9bee-s-show-a-clear-load-failure-phone-chromium\trace.zip

    ────────────────────────────────────────────────────────────────────────────────────────────────

  67) [phone-chromium] › tests\e2e\display-fabric.spec.ts:633:3 › every fixture renders › keeps invisible nodes in the scene without painting them 

    Error: page.goto: net::ERR_CONNECTION_REFUSED at http://127.0.0.1:4173/?theme=stress
    Call log:
      - navigating to "http://127.0.0.1:4173/?theme=stress", waiting until "load"


       at canvas-probe.ts:35

      33 | ): Promise<void> {
      34 |   await installFixedClock(page);
    > 35 |   await page.goto(query);
         |              ^
      36 |   await page.waitForSelector('canvas[data-vigilia="artboard"]');
      37 |   // A chart whose content is entirely animated draws nothing until time advances.
      38 |   await page.clock.runFor(1500);
        at openCanvasPlayer (D:\git-repos\vigilia\src\web\tests\e2e\canvas-probe.ts:35:14)
        at D:\git-repos\vigilia\src\web\tests\e2e\display-fabric.spec.ts:636:5

    Error Context: test-results\display-fabric-every-fixtu-b5c3d-scene-without-painting-them-phone-chromium\error-context.md

    attachment #2: trace (application/zip) ─────────────────────────────────────────────────────────
    test-results\display-fabric-every-fixtu-b5c3d-scene-without-painting-them-phone-chromium\trace.zip
    Usage:

        npx playwright show-trace test-results\display-fabric-every-fixtu-b5c3d-scene-without-painting-them-phone-chromium\trace.zip

    ────────────────────────────────────────────────────────────────────────────────────────────────

  68) [phone-chromium] › tests\e2e\display-fabric.spec.ts:642:5 › every fixture renders › captures stress for visual review 

    Error: page.goto: net::ERR_CONNECTION_REFUSED at http://127.0.0.1:4173/?theme=stress
    Call log:
      - navigating to "http://127.0.0.1:4173/?theme=stress", waiting until "load"


       at canvas-probe.ts:35

      33 | ): Promise<void> {
      34 |   await installFixedClock(page);
    > 35 |   await page.goto(query);
         |              ^
      36 |   await page.waitForSelector('canvas[data-vigilia="artboard"]');
      37 |   // A chart whose content is entirely animated draws nothing until time advances.
      38 |   await page.clock.runFor(1500);
        at openCanvasPlayer (D:\git-repos\vigilia\src\web\tests\e2e\canvas-probe.ts:35:14)
        at D:\git-repos\vigilia\src\web\tests\e2e\display-fabric.spec.ts:651:7

    Error Context: test-results\display-fabric-every-fixtu-2d98b-es-stress-for-visual-review-phone-chromium\error-context.md

    attachment #2: trace (application/zip) ─────────────────────────────────────────────────────────
    test-results\display-fabric-every-fixtu-2d98b-es-stress-for-visual-review-phone-chromium\trace.zip
    Usage:

        npx playwright show-trace test-results\display-fabric-every-fixtu-2d98b-es-stress-for-visual-review-phone-chromium\trace.zip

    ────────────────────────────────────────────────────────────────────────────────────────────────

  69) [phone-chromium] › tests\e2e\display-fabric.spec.ts:642:5 › every fixture renders › captures portrait-cover for visual review 

    Error: page.goto: net::ERR_CONNECTION_REFUSED at http://127.0.0.1:4173/?theme=portrait-cover
    Call log:
      - navigating to "http://127.0.0.1:4173/?theme=portrait-cover", waiting until "load"


       at canvas-probe.ts:35

      33 | ): Promise<void> {
      34 |   await installFixedClock(page);
    > 35 |   await page.goto(query);
         |              ^
      36 |   await page.waitForSelector('canvas[data-vigilia="artboard"]');
      37 |   // A chart whose content is entirely animated draws nothing until time advances.
      38 |   await page.clock.runFor(1500);
        at openCanvasPlayer (D:\git-repos\vigilia\src\web\tests\e2e\canvas-probe.ts:35:14)
        at D:\git-repos\vigilia\src\web\tests\e2e\display-fabric.spec.ts:651:7

    Error Context: test-results\display-fabric-every-fixtu-25e1f-ait-cover-for-visual-review-phone-chromium\error-context.md

    attachment #2: trace (application/zip) ─────────────────────────────────────────────────────────
    test-results\display-fabric-every-fixtu-25e1f-ait-cover-for-visual-review-phone-chromium\trace.zip
    Usage:

        npx playwright show-trace test-results\display-fabric-every-fixtu-25e1f-ait-cover-for-visual-review-phone-chromium\trace.zip

    ────────────────────────────────────────────────────────────────────────────────────────────────

  70) [phone-chromium] › tests\e2e\display-fabric.spec.ts:642:5 › every fixture renders › captures assets for visual review 

    Error: page.goto: net::ERR_CONNECTION_REFUSED at http://127.0.0.1:4173/?theme=assets
    Call log:
      - navigating to "http://127.0.0.1:4173/?theme=assets", waiting until "load"


       at canvas-probe.ts:35

      33 | ): Promise<void> {
      34 |   await installFixedClock(page);
    > 35 |   await page.goto(query);
         |              ^
      36 |   await page.waitForSelector('canvas[data-vigilia="artboard"]');
      37 |   // A chart whose content is entirely animated draws nothing until time advances.
      38 |   await page.clock.runFor(1500);
        at openCanvasPlayer (D:\git-repos\vigilia\src\web\tests\e2e\canvas-probe.ts:35:14)
        at D:\git-repos\vigilia\src\web\tests\e2e\display-fabric.spec.ts:651:7

    Error Context: test-results\display-fabric-every-fixtu-bf714-es-assets-for-visual-review-phone-chromium\error-context.md

    attachment #2: trace (application/zip) ─────────────────────────────────────────────────────────
    test-results\display-fabric-every-fixtu-bf714-es-assets-for-visual-review-phone-chromium\trace.zip
    Usage:

        npx playwright show-trace test-results\display-fabric-every-fixtu-bf714-es-assets-for-visual-review-phone-chromium\trace.zip

    ────────────────────────────────────────────────────────────────────────────────────────────────

  71) [phone-chromium] › tests\e2e\display-fabric.spec.ts:671:3 › every fixture renders › is byte-stable at a fixed clock on one platform 

    Error: page.goto: net::ERR_CONNECTION_REFUSED at http://127.0.0.1:4173/?theme=stress&static=1
    Call log:
      - navigating to "http://127.0.0.1:4173/?theme=stress&static=1", waiting until "load"


       at clock.ts:127

      125 | ): Promise<void> {
      126 |   await installFixedClock(page);
    > 127 |   await page.goto(url);
          |              ^
      128 |   await page.locator(ready).first().waitFor();
      129 | }
      130 |
        at openPaused (D:\git-repos\vigilia\src\web\tests\e2e\clock.ts:127:14)
        at capture (D:\git-repos\vigilia\src\web\tests\e2e\display-fabric.spec.ts:678:7)
        at D:\git-repos\vigilia\src\web\tests\e2e\display-fabric.spec.ts:692:5

    Error Context: test-results\display-fabric-every-fixtu-df09f-fixed-clock-on-one-platform-phone-chromium\error-context.md

    attachment #2: trace (application/zip) ─────────────────────────────────────────────────────────
    test-results\display-fabric-every-fixtu-df09f-fixed-clock-on-one-platform-phone-chromium\trace.zip
    Usage:

        npx playwright show-trace test-results\display-fabric-every-fixtu-df09f-fixed-clock-on-one-platform-phone-chromium\trace.zip

    ────────────────────────────────────────────────────────────────────────────────────────────────

  71 failed
    [desktop-chromium] › tests\e2e\display-fabric.spec.ts:367:3 › device pixels reach the charts › sizes each chart’s detached canvas from the device and the artboard scale 
    [desktop-chromium] › tests\e2e\display-fabric.spec.ts:426:3 › image assets › draws each fit mode, and every icon, in its own box 
    [desktop-chromium] › tests\e2e\display-fabric.spec.ts:458:3 › image assets › applies contain, cover and stretch geometry 
    [desktop-chromium] › tests\e2e\display-fabric.spec.ts:475:3 › image assets › recolours bitmap and SVG artwork from source alpha (§132) 
    [desktop-chromium] › tests\e2e\display-fabric.spec.ts:488:3 › image assets › draws a vector icon the shape the asset actually is 
    [desktop-chromium] › tests\e2e\display-fabric.spec.ts:561:3 › image assets › draws nothing at all for an asset the server does not have 
    [desktop-chromium] › tests\e2e\display-fabric.spec.ts:574:3 › what it cannot draw, it says › warns about tabular numerals rather than silently approximating them (§85) 
    [desktop-chromium] › tests\e2e\display-fabric.spec.ts:595:5 › every fixture renders › stress: mounts, paints and reports no page error 
    [desktop-chromium] › tests\e2e\display-fabric.spec.ts:595:5 › every fixture renders › portrait-cover: mounts, paints and reports no page error 
    [desktop-chromium] › tests\e2e\display-fabric.spec.ts:595:5 › every fixture renders › assets: mounts, paints and reports no page error 
    [desktop-chromium] › tests\e2e\display-fabric.spec.ts:625:3 › every fixture renders › unknown hosted themes show a clear load failure 
    [desktop-chromium] › tests\e2e\display-fabric.spec.ts:633:3 › every fixture renders › keeps invisible nodes in the scene without painting them 
    [desktop-chromium] › tests\e2e\display-fabric.spec.ts:642:5 › every fixture renders › captures stress for visual review 
    [desktop-chromium] › tests\e2e\display-fabric.spec.ts:642:5 › every fixture renders › captures portrait-cover for visual review 
    [desktop-chromium] › tests\e2e\display-fabric.spec.ts:642:5 › every fixture renders › captures assets for visual review 
    [desktop-chromium] › tests\e2e\display-fabric.spec.ts:671:3 › every fixture renders › is byte-stable at a fixed clock on one platform 
    [desktop-chromium] › tests\e2e\editor-fork.spec.ts:8:3 › Fabric editor route › mounts the adopted editor shell on the editor stage 
    [desktop-chromium] › tests\e2e\editor-fork.spec.ts:24:3 › Fabric editor route › switches chart refresh between 30 and 1 FPS 
    [desktop-chromium] › tests\e2e\editor-fork.spec.ts:39:3 › Fabric editor route › creates and saves text with derived v2 references 
    [desktop-chromium] › tests\e2e\editor-fork.spec.ts:83:3 › Fabric editor route › creates a chart with palette-backed settings that save and reopen 
    [desktop-chromium] › tests\e2e\editor-fork.spec.ts:126:3 › Fabric editor route › captures the mounted editor for visual review 
    [desktop-chromium] › tests\e2e\editor-fork.spec.ts:142:3 › Fabric editor route › captures selected chart binding controls for visual review 
    [desktop-chromium] › tests\e2e\editor-fork.spec.ts:168:3 › Fabric editor route › captures semantic layer controls for visual review 
    [desktop-chromium] › tests\e2e\editor-fork.spec.ts:191:3 › Fabric editor route › captures changed artboard controls for visual review 
    [desktop-chromium] › tests\e2e\editor-fork.spec.ts:218:3 › Fabric editor route › rejects literal artboard paint in a v2 document 
    [desktop-chromium] › tests\e2e\editor-fork.spec.ts:245:3 › Fabric editor route › renders palette gradients on the native Fabric artboard 
    [desktop-chromium] › tests\e2e\editor-fork.spec.ts:306:3 › Fabric editor route › edits an artboard palette token through the fork property surface 
    [desktop-chromium] › tests\e2e\editor-fork.spec.ts:334:3 › Fabric editor route › reassigns palette references before deleting a token 
    [desktop-chromium] › tests\e2e\editor-fork.spec.ts:367:3 › Fabric editor route › reassigns chart paint before deleting its palette token 
    [desktop-chromium] › tests\e2e\editor-fork.spec.ts:400:3 › Fabric editor route › edits a global type preset through the fork property surface 
    [desktop-chromium] › tests\e2e\editor-fork.spec.ts:459:3 › Fabric editor route › captures curated font trio controls for visual review 
    [desktop-chromium] › tests\e2e\editor-fork.spec.ts:478:3 › Fabric editor route › reassigns text type presets before deleting one 
    [desktop-chromium] › tests\e2e\editor-fork.spec.ts:514:3 › Fabric editor route › captures dirty document replacement confirmation for visual review 
    [desktop-chromium] › tests\e2e\editor-fork.spec.ts:545:3 › Fabric editor route › selects a chart in the starter theme through the visible Fabric canvas 
    [desktop-chromium] › tests\e2e\editor-fork.spec.ts:560:3 › Fabric editor route › persists artboard properties without rescaling Fabric objects 
    [desktop-chromium] › tests\e2e\editor-fork.spec.ts:592:3 › Fabric editor route › persists a selected chart binding 
    [desktop-chromium] › tests\e2e\editor-fork.spec.ts:619:3 › Fabric editor route › persists selected chart paint as a palette reference 
    [desktop-chromium] › tests\e2e\editor-fork.spec.ts:647:3 › Fabric editor route › refreshes bound text without saving its sampled value 
    [desktop-chromium] › tests\e2e\editor-fork.spec.ts:853:3 › Fabric editor route › opens a v2 theme and keeps the active editor when its Fabric runtime is incompatible 
    [desktop-chromium] › tests\e2e\editor-fork.spec.ts:891:3 › Fabric editor route › round-trips an opened v2 Fabric scene through the fork save path 
    [desktop-chromium] › tests\e2e\editor-fork.spec.ts:944:3 › Fabric editor route › imports and round-trips packaged images 
    [desktop-chromium] › tests\e2e\editor-fork.spec.ts:1075:3 › Fabric editor route › authors a packaged background image through Theme settings 
    [desktop-chromium] › tests\e2e\editor-fork.spec.ts:1113:3 › Fabric editor route › persists an ordinary fork drag and restores it through undo 
    [desktop-chromium] › tests\e2e\editor-fork.spec.ts:1207:3 › Fabric editor route › rehydrates a chart runtime after undo 
    [desktop-chromium] › tests\e2e\editor-fork.spec.ts:1264:3 › Fabric editor route › keeps the active document when Fabric cannot revive a schema-valid scene 
    [desktop-chromium] › tests\e2e\editor-fork.spec.ts:1287:3 › Fabric editor route › asks before Open discards a changed Fabric scene 
    [desktop-chromium] › tests\e2e\editor-fork.spec.ts:1326:3 › Fabric editor route › asks before New discards a changed Fabric scene 
    [phone-chromium] › tests\e2e\display-fabric.spec.ts:176:3 › the scene reaches the canvas › builds identified canvas objects 
    [phone-chromium] › tests\e2e\display-fabric.spec.ts:186:3 › the scene reaches the canvas › paints something, which is the whole point 
    [phone-chromium] › tests\e2e\display-fabric.spec.ts:203:3 › the scene reaches the canvas › carries the artboard transform in the canvas, not in CSS 
    [phone-chromium] › tests\e2e\display-fabric.spec.ts:226:3 › the scene reaches the canvas › letterboxes a 16:9 design on a taller phone (§53) 
    [phone-chromium] › tests\e2e\display-fabric.spec.ts:275:3 › the scene reaches the canvas › cover mode fills and crops the viewport (§53) 
    [phone-chromium] › tests\e2e\display-fabric.spec.ts:289:3 › charts draw through a Fabric object › every family in the stress fixture puts ink on the canvas 
    [phone-chromium] › tests\e2e\display-fabric.spec.ts:322:3 › charts draw through a Fabric object › keeps repainting as samples arrive 
    [phone-chromium] › tests\e2e\display-fabric.spec.ts:359:3 › charts draw through a Fabric object › updates live objects without recreating them 
    [phone-chromium] › tests\e2e\display-fabric.spec.ts:367:3 › device pixels reach the charts › sizes each chart’s detached canvas from the device and the artboard scale 
    [phone-chromium] › tests\e2e\display-fabric.spec.ts:426:3 › image assets › draws each fit mode, and every icon, in its own box 
    [phone-chromium] › tests\e2e\display-fabric.spec.ts:458:3 › image assets › applies contain, cover and stretch geometry 
    [phone-chromium] › tests\e2e\display-fabric.spec.ts:475:3 › image assets › recolours bitmap and SVG artwork from source alpha (§132) 
    [phone-chromium] › tests\e2e\display-fabric.spec.ts:488:3 › image assets › draws a vector icon the shape the asset actually is 
    [phone-chromium] › tests\e2e\display-fabric.spec.ts:561:3 › image assets › draws nothing at all for an asset the server does not have 
    [phone-chromium] › tests\e2e\display-fabric.spec.ts:574:3 › what it cannot draw, it says › warns about tabular numerals rather than silently approximating them (§85) 
    [phone-chromium] › tests\e2e\display-fabric.spec.ts:595:5 › every fixture renders › stress: mounts, paints and reports no page error 
    [phone-chromium] › tests\e2e\display-fabric.spec.ts:595:5 › every fixture renders › portrait-cover: mounts, paints and reports no page error 
    [phone-chromium] › tests\e2e\display-fabric.spec.ts:595:5 › every fixture renders › assets: mounts, paints and reports no page error 
    [phone-chromium] › tests\e2e\display-fabric.spec.ts:625:3 › every fixture renders › unknown hosted themes show a clear load failure 
    [phone-chromium] › tests\e2e\display-fabric.spec.ts:633:3 › every fixture renders › keeps invisible nodes in the scene without painting them 
    [phone-chromium] › tests\e2e\display-fabric.spec.ts:642:5 › every fixture renders › captures stress for visual review 
    [phone-chromium] › tests\e2e\display-fabric.spec.ts:642:5 › every fixture renders › captures portrait-cover for visual review 
    [phone-chromium] › tests\e2e\display-fabric.spec.ts:642:5 › every fixture renders › captures assets for visual review 
    [phone-chromium] › tests\e2e\display-fabric.spec.ts:671:3 › every fixture renders › is byte-stable at a fixed clock on one platform 
  33 skipped
  8 passed (2.5m)
